             currentTime    particleID                       x                       y                       z           coreVaporMass  coreVaporConcentration                  radius       interfaceVelocity            corePressure
      0.0000000000000000             1      1.0000000000000000      1.0000000000000000      1.0000000000000000      0.0000000089394892      0.0146322227141736      0.0500000000000000      0.0000000000000000      0.0000478414248780
      0.0000000000000000             1      1.0000000000000000      1.0000000000000000      1.0000000000000000      0.0000000089394892      0.0146322227141736      0.0500000000000000      0.0000000000000000      0.0000478414248780
      0.0394366197183098             1      1.0000000000000000      1.0000000000000000      1.0000000000000000      0.0000000089394892      0.0146322227141736      0.0500000000000000      0.0000000000000000      0.0000478414248780
      0.0788732394366196             1      1.0000000000000000      1.0000000000000000      1.0000000000000000      0.0000000089394892      0.0146322227141736      0.0500000000000000      0.0000000000000000      0.0000478414248780
      0.1183098490718348             1      1.0000000000000000      1.0000000000000000      1.0000000000000000      0.0000000089394892      0.0146322227141736      0.0500000000000000      0.0000000000000000      0.0000478414248780
      0.1577464386777047             1      1.0000000000000000      1.0000000000000000      1.0000000000000000      0.0000000089394892      0.0146322227141736      0.0500000000000000      0.0000000000000000      0.0000478414248780
      0.1971829992857973             1      1.0000000000000000      1.0000000000000000      1.0000000000000000      0.0000000089394892      0.0146322227141736      0.0500000000000000      0.0000000000000000      0.0000478414248780
      0.2366195235064216             1      1.0000000000000000      1.0000000000000000      1.0000000000000000      0.0000000089394892      0.0146322227141736      0.0500000000000000      0.0000000000000000      0.0000478414248780
      0.2760560057745580             1      1.0000000000000000      1.0000000000000000      1.0000000000000000      0.0000000089394892      0.0146322227141736      0.0500000000000000      0.0000000000000000      0.0000478414248780
      0.3154924423341826             1      1.0000000000000000      1.0000000000000000      1.0000000000000000      0.0000000089394892      0.0146322227141736      0.0500000000000000      0.0000000000000000      0.0000478414248780
      0.3549288259838666             1      1.0000000000000000      1.0000000000000000      1.0000000000000000      0.0000000089394892      0.0146322227141736      0.0500000000000000      0.0000000000000000      0.0000478414248780
      0.3943651462593392             1      1.0000000000000000      1.0000000000000000      1.0000000000000000      0.0000000089394892      0.0146322227141736      0.0500000000000000      0.0000000000000000      0.0000478414248780
      0.4338014001988698             1      1.0000000000000000      1.0000000000000000      1.0000000000000000      0.0000000089394892      0.0146322227141736      0.0500000000000000      0.0000000000000000      0.0000478414248780
      0.4732375862661633             1      1.0000000000000000      1.0000000000000000      1.0000000000000000      0.0000000089394892      0.0146322227141736      0.0500000000000000      0.0000000000000000      0.0000478414248780
      0.5126737039843519             1      1.0000000000000000      1.0000000000000000      1.0000000000000000      0.0000000089394892      0.0146322227141736      0.0500000000000000      0.0000000000000000      0.0000478414248780
      0.5521097535379828             1      1.0000000000000000      1.0000000000000000      1.0000000000000000      0.0000000089394892      0.0146322227141736      0.0500000000000000      0.0000000000000000      0.0000478414248780
      0.5915457354228268             1      1.0000000000000000      1.0000000000000000      1.0000000000000000      0.0000000089394892      0.0146322227141736      0.0500000000000000      0.0000000000000000      0.0000478414248780
      0.6309816502032274             1      1.0000000000000000      1.0000000000000000      1.0000000000000000      0.0000000089394892      0.0146322227141736      0.0500000000000000      0.0000000000000000      0.0000478414248780
      0.6704174983927769             1      1.0000000000000000      1.0000000000000000      1.0000000000000000      0.0000000089394892      0.0146322227141736      0.0500000000000000      0.0000000000000000      0.0000478414248780
      0.7098532804358832             1      1.0000000000000000      1.0000000000000000      1.0000000000000000      0.0000000089394892      0.0146322227141736      0.0500000000000000      0.0000000000000000      0.0000478414248780
      0.7492889967494109             1      1.0000000000000000      1.0000000000000000      1.0000000000000000      0.0000000089394892      0.0146322227141736      0.0500000000000000      0.0000000000000000      0.0000478414248780
      0.7887246477830985             1      1.0000000000000000      1.0000000000000000      1.0000000000000000      0.0000000089394892      0.0146322227141736      0.0500000000000000      0.0000000000000000      0.0000478414248780
      0.8281602340679466             1      1.0000000000000000      1.0000000000000000      1.0000000000000000      0.0000000089394892      0.0146322227141736      0.0500000000000000      0.0000000000000000      0.0000478414248780
      0.8675957562370221             1      1.0000000000000000      1.0000000000000000      1.0000000000000000      0.0000000089394892      0.0146322227141736      0.0500000000000000      0.0000000000000000      0.0000478414248780
      0.9070312076183282             1      1.0000000000000000      1.0000000000000000      1.0000000000000000      0.0000000089394892      0.0146322227141736      0.0500000000000000      0.0000000000000000      0.0000478414248780
      0.9464665868509230             1      1.0000000000000000      1.0000000000000000      1.0000000000000000      0.0000000089394892      0.0146322227141736      0.0500000000000000      0.0000000000000000      0.0000478414248780
      0.9859018947003577             1      1.0000000000000000      1.0000000000000000      1.0000000000000000      0.0000000089394892      0.0146322227141736      0.0500000000000000      0.0000000000000000      0.0000478414248780
      1.0253371320459026             1      1.0000000000000000      1.0000000000000000      1.0000000000000000      0.0000000089394892      0.0146322227141736      0.0500000000000000      0.0000000000000000      0.0000478414248780
      1.0647722998408471             1      1.0000000000000000      1.0000000000000000      1.0000000000000000      0.0000000089394892      0.0146322227141736      0.0500000000000000      0.0000000000000000      0.0000478414248780
      1.1042073990690584             1      1.0000000000000000      1.0000000000000000      1.0000000000000000      0.0000000089394892      0.0146322227141736      0.0500000000000000      0.0000000000000000      0.0000478414248780
      1.1436424307144322             1      1.0000000000000000      1.0000000000000000      1.0000000000000000      0.0000000089394892      0.0146322227141736      0.0500000000000000      0.0000000000000000      0.0000478414248780
      1.1830773957517338             1      1.0000000000000000      1.0000000000000000      1.0000000000000000      0.0000000089394892      0.0146322227141736      0.0500000000000000      0.0000000000000000      0.0000478414248780
      1.2225122951587033             1      1.0000000000000000      1.0000000000000000      1.0000000000000000      0.0000000089394892      0.0146322227141736      0.0500000000000000      0.0000000000000000      0.0000478414248780
      1.2619471299426286             1      1.0000000000000000      1.0000000000000000      1.0000000000000000      0.0000000089394892      0.0146322227141736      0.0500000000000000      0.0000000000000000      0.0000478414248780
      1.3013819011704637             1      1.0000000000000000      1.0000000000000000      1.0000000000000000      0.0000000089394892      0.0146322227141736      0.0500000000000000      0.0000000000000000      0.0000478414248780
      1.3408166099907020             1      1.0000000000000000      1.0000000000000000      1.0000000000000000      0.0000000089394892      0.0146322227141736      0.0500000000000000      0.0000000000000000      0.0000478414248780
      1.3802512576384098             1      1.0000000000000000      1.0000000000000000      1.0000000000000000      0.0000000089394892      0.0146322227141736      0.0500000000000000      0.0000000000000000      0.0000478414248780
      1.4196858454215275             1      1.0000000000000000      1.0000000000000000      1.0000000000000000      0.0000000089394892      0.0146322227141736      0.0500000000000000      0.0000000000000000      0.0000478414248780
      1.4591203746941279             1      1.0000000000000000      1.0000000000000000      1.0000000000000000      0.0000000089394892      0.0146322227141736      0.0500000000000000      0.0000000000000000      0.0000478414248780
      1.4985548468273198             1      1.0000000000000000      1.0000000000000000      1.0000000000000000      0.0000000089394892      0.0146322227141736      0.0500000000000000      0.0000000000000000      0.0000478414248780
      1.5379892631886807             1      1.0000000000000000      1.0000000000000000      1.0000000000000000      0.0000000089394892      0.0146322227141736      0.0500000000000000      0.0000000000000000      0.0000478414248780
      1.5774236251370386             1      1.0000000000000000      1.0000000000000000      1.0000000000000000      0.0000000089394892      0.0146322227141736      0.0500000000000000      0.0000000000000000      0.0000478414248780
      1.6168579340335671             1      1.0000000000000000      1.0000000000000000      1.0000000000000000      0.0000000089394892      0.0146322227141736      0.0500000000000000      0.0000000000000000      0.0000478414248780
      1.6562921912648954             1      1.0000000000000000      1.0000000000000000      1.0000000000000000      0.0000000089394892      0.0146322227141736      0.0500000000000000      0.0000000000000000      0.0000478414248780
      1.6957263982703703             1      1.0000000000000000      1.0000000000000000      1.0000000000000000      0.0000000089394892      0.0146322227141736      0.0500000000000000      0.0000000000000000      0.0000478414248780
      1.7351605565641459             1      1.0000000000000000      1.0000000000000000      1.0000000000000000      0.0000000089394892      0.0146322227141736      0.0500000000000000      0.0000000000000000      0.0000478414248780
      1.7745946677437165             1      1.0000000000000000      1.0000000000000000      1.0000000000000000      0.0000000089394892      0.0146322227141736      0.0500000000000000      0.0000000000000000      0.0000478414248780
      1.8140287334801883             1      1.0000000000000000      1.0000000000000000      1.0000000000000000      0.0000000089394892      0.0146322227141736      0.0500000000000000      0.0000000000000000      0.0000478414248780
      1.8534627554915848             1      1.0000000000000000      1.0000000000000000      1.0000000000000000      0.0000000089394892      0.0146322227141736      0.0500000000000000      0.0000000000000000      0.0000478414248780
      1.8928967355070305             1      1.0000000000000000      1.0000000000000000      1.0000000000000000      0.0000000089394892      0.0146322227141736      0.0500000000000000      0.0000000000000000      0.0000478414248780
      1.9323306752337737             1      1.0000000000000000      1.0000000000000000      1.0000000000000000      0.0000000089394892      0.0146322227141736      0.0500000000000000      0.0000000000000000      0.0000478414248780
      1.9717645763383302             1      1.0000000000000000      1.0000000000000000      1.0000000000000000      0.0000000089394892      0.0146322227141736      0.0500000000000000      0.0000000000000000      0.0000478414248780
      2.0111984404479872             1      1.0000000000000000      1.0000000000000000      1.0000000000000000      0.0000000089394892      0.0146322227141736      0.0500000000000000      0.0000000000000000      0.0000478414248780
      2.0506322691724455             1      1.0000000000000000      1.0000000000000000      1.0000000000000000      0.0000000089394892      0.0146322227141736      0.0500000000000000      0.0000000000000000      0.0000478414248780
      2.0900660641403164             1      1.0000000000000000      1.0000000000000000      1.0000000000000000      0.0000000089394892      0.0146322227141736      0.0500000000000000      0.0000000000000000      0.0000478414248780
      2.1294998270422725             1      1.0000000000000000      1.0000000000000000      1.0000000000000000      0.0000000089394892      0.0146322227141736      0.0500000000000000      0.0000000000000000      0.0000478414248780
      2.1689335596711867             1      1.0000000000000000      1.0000000000000000      1.0000000000000000      0.0000000089394892      0.0146322227141736      0.0500000000000000      0.0000000000000000      0.0000478414248780
      2.2083672611958880             1      1.0000000000000000      1.0000000000000000      1.0000000000000000      0.0000000089394892      0.0146322227141736      0.0500000000000000      0.0000000000000000      0.0000478414248780
      2.2478009314306835             1      1.0000000000000000      1.0000000000000000      1.0000000000000000      0.0000000089394892      0.0146322227141736      0.0500000000000000      0.0000000000000000      0.0000478414248780
      2.2872345720873208             1      1.0000000000000000      1.0000000000000000      1.0000000000000000      0.0000000089394892      0.0146322227141736      0.0500000000000000      0.0000000000000000      0.0000478414248780
      2.3266681849570960             1      1.0000000000000000      1.0000000000000000      1.0000000000000000      0.0000000089394892      0.0146322227141736      0.0500000000000000      0.0000000000000000      0.0000478414248780
      2.3661017719457655             1      1.0000000000000000      1.0000000000000000      1.0000000000000000      0.0000000089394892      0.0146322227141736      0.0500000000000000      0.0000000000000000      0.0000478414248780
      2.4055353350791031             1      1.0000000000000000      1.0000000000000000      1.0000000000000000      0.0000000089394892      0.0146322227141736      0.0500000000000000      0.0000000000000000      0.0000478414248780
      2.4449688764630277             1      1.0000000000000000      1.0000000000000000      1.0000000000000000      0.0000000089394892      0.0146322227141736      0.0500000000000000      0.0000000000000000      0.0000478414248780
      2.4844023982099062             1      1.0000000000000000      1.0000000000000000      1.0000000000000000      0.0000000089394892      0.0146322227141736      0.0500000000000000      0.0000000000000000      0.0000478414248780
      2.5238359023668706             1      1.0000000000000000      1.0000000000000000      1.0000000000000000      0.0000000089394892      0.0146322227141736      0.0500000000000000      0.0000000000000000      0.0000478414248780
      2.5632693908803335             1      1.0000000000000000      1.0000000000000000      1.0000000000000000      0.0000000089394892      0.0146322227141736      0.0500000000000000      0.0000000000000000      0.0000478414248780
      2.6027028656121058             1      1.0000000000000000      1.0000000000000000      1.0000000000000000      0.0000000089394892      0.0146322227141736      0.0500000000000000      0.0000000000000000      0.0000478414248780
      2.6421363284115196             1      1.0000000000000000      1.0000000000000000      1.0000000000000000      0.0000000089394892      0.0146322227141736      0.0500000000000000      0.0000000000000000      0.0000478414248780
      2.6815697811980979             1      1.0000000000000000      1.0000000000000000      1.0000000000000000      0.0000000089394892      0.0146322227141736      0.0500000000000000      0.0000000000000000      0.0000478414248780
      2.7210032259520505             1      1.0000000000000000      1.0000000000000000      1.0000000000000000      0.0000000089394892      0.0146322227141736      0.0500000000000000      0.0000000000000000      0.0000478414248780
      2.7604366645872620             1      1.0000000000000000      1.0000000000000000      1.0000000000000000      0.0000000089394892      0.0146322227141736      0.0500000000000000      0.0000000000000000      0.0000478414248780
      2.7998700988605063             1      1.0000000000000000      1.0000000000000000      1.0000000000000000      0.0000000089394892      0.0146322227141736      0.0500000000000000      0.0000000000000000      0.0000478414248780
      2.8393035305353189             1      1.0000000000000000      1.0000000000000000      1.0000000000000000      0.0000000089394892      0.0146322227141736      0.0500000000000000      0.0000000000000001      0.0000478414248780
      2.8787369597066945             1      1.0000000000000000      1.0000000000000000      1.0000000000000000      0.0000000089394892      0.0146322227141736      0.0500000000000000      0.0000000000000001      0.0000478414248780
      2.9181703861679296             1      1.0000000000000000      1.0000000000000000      1.0000000000000000      0.0000000089394892      0.0146322227141736      0.0500000000000000      0.0000000000000002      0.0000478414248780
      2.9576038117623558             1      1.0000000000000000      1.0000000000000000      1.0000000000000000      0.0000000089394892      0.0146322227141736      0.0500000000000000      0.0000000000000002      0.0000478414248780
      2.9970372384091672             1      1.0000000000000000      1.0000000000000000      1.0000000000000000      0.0000000089394892      0.0146322227141736      0.0500000000000000      0.0000000000000002      0.0000478414248780
      3.0364706632734508             1      1.0000000000000000      1.0000000000000000      1.0000000000000000      0.0000000089394892      0.0146322227141736      0.0500000000000000      0.0000000000000000      0.0000478414248780
      3.0759040881664448             1      1.0000000000000000      1.0000000000000000      1.0000000000000000      0.0000000089394892      0.0146322227141736      0.0500000000000000     -0.0000000000000005      0.0000478414248780
      3.1153375137865269             1      1.0000000000000000      1.0000000000000000      1.0000000000000000      0.0000000089394892      0.0146322227141736      0.0500000000000000     -0.0000000000000014      0.0000478414248780
      3.1547709385073075             1      1.0000000000000000      1.0000000000000000      1.0000000000000000      0.0000000089394892      0.0146322227141736      0.0499999999999999     -0.0000000000000025      0.0000478414248780
      3.1942043642534115             1      1.0000000000000000      1.0000000000000000      1.0000000000000000      0.0000000089394892      0.0146322227141736      0.0499999999999998     -0.0000000000000035      0.0000478414248780
      3.2336377892347032             1      1.0000000000000000      1.0000000000000000      1.0000000000000000      0.0000000089394892      0.0146322227141736      0.0499999999999996     -0.0000000000000038      0.0000478414248780
      3.2730712142272989             1      1.0000000000000000      1.0000000000000000      1.0000000000000000      0.0000000089394892      0.0146322227141736      0.0499999999999995     -0.0000000000000029      0.0000478414248780
      3.3125046399439437             1      1.0000000000000000      1.0000000000000000      1.0000000000000000      0.0000000089394892      0.0146322227141736      0.0499999999999995     -0.0000000000000005      0.0000478414248780
      3.3519380646964634             1      1.0000000000000000      1.0000000000000000      1.0000000000000000      0.0000000089394892      0.0146322227141736      0.0499999999999995      0.0000000000000028      0.0000478414248780
      3.3913714903503962             1      1.0000000000000000      1.0000000000000000      1.0000000000000000      0.0000000089394892      0.0146322227141736      0.0499999999999997      0.0000000000000056      0.0000478414248780
      3.4308049153509250             1      1.0000000000000000      1.0000000000000000      1.0000000000000000      0.0000000089394892      0.0146322227141736      0.0499999999999999      0.0000000000000056      0.0000478414248780
      3.4702383402544625             1      1.0000000000000000      1.0000000000000000      1.0000000000000000      0.0000000089394892      0.0146322227141736      0.0500000000000001      0.0000000000000005      0.0000478414248780
      3.5096717660439714             1      1.0000000000000000      1.0000000000000000      1.0000000000000000      0.0000000089394892      0.0146322227141736      0.0499999999999999     -0.0000000000000111      0.0000478414248780
      3.5491051907624720             1      1.0000000000000000      1.0000000000000000      1.0000000000000000      0.0000000089394892      0.0146322227141736      0.0499999999999991     -0.0000000000000277      0.0000478414248780
      3.5885386162776927             1      1.0000000000000000      1.0000000000000000      1.0000000000000000      0.0000000089394892      0.0146322227141736      0.0499999999999977     -0.0000000000000442      0.0000478414248780
      3.6279720412964322             1      1.0000000000000000      1.0000000000000000      1.0000000000000000      0.0000000089394892      0.0146322227141736      0.0499999999999957     -0.0000000000000517      0.0000478414248780
      3.6674054661387645             1      1.0000000000000000      1.0000000000000000      1.0000000000000000      0.0000000089394892      0.0146322227141735      0.0499999999999938     -0.0000000000000397      0.0000478414248780
      3.7068388919663331             1      1.0000000000000000      1.0000000000000000      1.0000000000000000      0.0000000089394892      0.0146322227141735      0.0499999999999929     -0.0000000000000003      0.0000478414248780
      3.7462723166411660             1      1.0000000000000000      1.0000000000000000      1.0000000000000000      0.0000000089394892      0.0146322227141735      0.0499999999999940      0.0000000000000656      0.0000478414248780
      3.7857057420523916             1      1.0000000000000000      1.0000000000000000      1.0000000000000000      0.0000000089394892      0.0146322227141734      0.0499999999999982      0.0000000000001436      0.0000478414248780
      3.8251391670887536             1      1.0000000000000000      1.0000000000000000      1.0000000000000000      0.0000000089394892      0.0146322227141734      0.0500000000000052      0.0000000000002027      0.0000478414248779
      3.8645725918825535             1      1.0000000000000000      1.0000000000000000      1.0000000000000000      0.0000000089394892      0.0146322227141735      0.0500000000000136      0.0000000000002006      0.0000478414248779
      3.9040060177571898             1      1.0000000000000000      1.0000000000000000      1.0000000000000000      0.0000000089394892      0.0146322227141736      0.0500000000000200      0.0000000000000960      0.0000478414248779
      3.9434394424173633             1      1.0000000000000000      1.0000000000000000      1.0000000000000000      0.0000000089394892      0.0146322227141737      0.0500000000000199     -0.0000000000001316      0.0000478414248779
      3.9828728677598932             1      1.0000000000000000      1.0000000000000000      1.0000000000000000      0.0000000089394892      0.0146322227141738      0.0500000000000086     -0.0000000000004583      0.0000478414248779
      4.0223062928132576             1      1.0000000000000000      1.0000000000000000      1.0000000000000000      0.0000000089394892      0.0146322227141738      0.0499999999999836     -0.0000000000007993      0.0000478414248780
      4.0617397175583498             1      1.0000000000000000      1.0000000000000000      1.0000000000000000      0.0000000089394892      0.0146322227141736      0.0499999999999469     -0.0000000000010082      0.0000478414248782
      4.1011731434937655             1      1.0000000000000000      1.0000000000000000      1.0000000000000000      0.0000000089394892      0.0146322227141731      0.0499999999999072     -0.0000000000009037      0.0000478414248783
      4.1406065681516333             1      1.0000000000000000      1.0000000000000000      1.0000000000000000      0.0000000089394892      0.0146322227141724      0.0499999999998803     -0.0000000000003266      0.0000478414248784
      4.1800399934301646             1      1.0000000000000000      1.0000000000000000      1.0000000000000000      0.0000000089394892      0.0146322227141716      0.0499999999998866      0.0000000000007788      0.0000478414248784
      4.2194734185052187             1      1.0000000000000000      1.0000000000000000      1.0000000000000000      0.0000000089394892      0.0146322227141711      0.0499999999999456      0.0000000000022785      0.0000478414248782
      4.2589068432093278             1      1.0000000000000000      1.0000000000000000      1.0000000000000000      0.0000000089394892      0.0146322227141711      0.0500000000000665      0.0000000000037913      0.0000478414248777
      4.2983402692066974             1      1.0000000000000000      1.0000000000000000      1.0000000000000000      0.0000000089394892      0.0146322227141721      0.0500000000002386      0.0000000000046961      0.0000478414248770
      4.3377736938610125             1      1.0000000000000000      1.0000000000000000      1.0000000000000000      0.0000000089394892      0.0146322227141743      0.0500000000004234      0.0000000000042389      0.0000478414248763
      4.3772071190723629             1      1.0000000000000000      1.0000000000000000      1.0000000000000000      0.0000000089394892      0.0146322227141775      0.0500000000005529      0.0000000000017516      0.0000478414248757
      4.4166405441765493             1      1.0000000000000000      1.0000000000000000      1.0000000000000000      0.0000000089394892      0.0146322227141811      0.0500000000005388     -0.0000000000030394      0.0000478414248758
      4.4560739688481883             1      1.0000000000000000      1.0000000000000000      1.0000000000000000      0.0000000089394892      0.0146322227141839      0.0500000000002950     -0.0000000000096799      0.0000478414248768
      4.4955073949071327             1      1.0000000000000000      1.0000000000000000      1.0000000000000000      0.0000000089394892      0.0146322227141842      0.0499999999997713     -0.0000000000167349      0.0000478414248789
      4.5349408195587850             1      1.0000000000000000      1.0000000000000000      1.0000000000000000      0.0000000089394892      0.0146322227141802      0.0499999999989953     -0.0000000000217461      0.0000478414248820
      4.5743742447055320             1      1.0000000000000000      1.0000000000000000      1.0000000000000000      0.0000000089394892      0.0146322227141708      0.0499999999981079     -0.0000000000215184      0.0000478414248856
      4.6138076698428723             1      1.0000000000000000      1.0000000000000000      1.0000000000000000      0.0000000089394892      0.0146322227141560      0.0499999999973819     -0.0000000000128031      0.0000478414248885
      4.6532410944855185             1      1.0000000000000000      1.0000000000000000      1.0000000000000000      0.0000000089394892      0.0146322227141381      0.0499999999972041      0.0000000000066528      0.0000478414248891
      4.6926745205724902             1      1.0000000000000000      1.0000000000000000      1.0000000000000000      0.0000000089394892      0.0146322227141222      0.0499999999980124      0.0000000000368520      0.0000478414248859
      4.7321079452256773             1      1.0000000000000000      1.0000000000000000      1.0000000000000000      0.0000000089394892      0.0146322227141159      0.0500000000001827      0.0000000000743855      0.0000478414248772
      4.7715413703129883             1      1.0000000000000000      1.0000000000000000      1.0000000000000000      0.0000000089394892      0.0146322227141287      0.0500000000038773      0.0000000001117575      0.0000478414248623
      4.8109747954853885             1      1.0000000000000000      1.0000000000000000      1.0000000000000000      0.0000000089394892      0.0146322227141699      0.0500000000088836      0.0000000001376665      0.0000478414248423
      4.8504082201010084             1      1.0000000000000000      1.0000000000000000      1.0000000000000000      0.0000000089394892      0.0146322227142458      0.0500000000144885      0.0000000001386121      0.0000478414248199
      4.8898416460995504             1      1.0000000000000000      1.0000000000000000      1.0000000000000000      0.0000000089394892      0.0146322227143563      0.0500000000194444      0.0000000001019198      0.0000478414248001
      4.9292750707581625             1      1.0000000000000000      1.0000000000000000      1.0000000000000000      0.0000000089394892      0.0146322227144916      0.0500000000220804      0.0000000000199699      0.0000478414247897
      4.9687084957898886             1      1.0000000000000000      1.0000000000000000      1.0000000000000000      0.0000000089394892      0.0146322227146305      0.0500000000205954     -0.0000000001049892      0.0000478414247958
      5.0081419209996128             1      1.0000000000000000      1.0000000000000000      1.0000000000000000      0.0000000089394892      0.0146322227147412      0.0500000000135342     -0.0000000002569452      0.0000478414248243
      5.0475753455909551             1      1.0000000000000000      1.0000000000000000      1.0000000000000000      0.0000000089394892      0.0146322227147854      0.0500000000003762     -0.0000000004043331      0.0000478414248772
      5.0870087715040686             1      1.0000000000000000      1.0000000000000000      1.0000000000000000      0.0000000089394892      0.0146322227147262      0.0499999999821314     -0.0000000005024852      0.0000478414249504
      5.1264421961708928             1      1.0000000000000000      1.0000000000000000      1.0000000000000000      0.0000000089394892      0.0146322227145398      0.0499999999617000     -0.0000000005039727      0.0000478414250322
      5.1658756211497074             1      1.0000000000000000      1.0000000000000000      1.0000000000000000      0.0000000089394892      0.0146322227142270      0.0499999999436409     -0.0000000003780533      0.0000478414251044
      5.2053090463994831             1      1.0000000000000000      1.0000000000000000      1.0000000000000000      0.0000000089394892      0.0146322227138210      0.0499999999330089     -0.0000000001380534      0.0000478414251466
      5.2447424709695580             1      1.0000000000000000      1.0000000000000000      1.0000000000000000      0.0000000089394892      0.0146322227133827      0.0499999999329131      0.0000000001181937      0.0000478414251464
      5.2841758968002628             1      1.0000000000000000      1.0000000000000000      1.0000000000000000      0.0000000089394892      0.0146322227129754      0.0499999999400319      0.0000000001413086      0.0000478414251173
      5.5207764466916114             1      1.0000000000000000      1.0000000000000000      1.0000000000000000      0.0000000089394892      0.0146322226762771      0.0499999952755693     -0.0000000919788533      0.0000478414438046
      5.5602098715720842             1      1.0000000000000000      1.0000000000000000      1.0000000000000000      0.0000000089394892      0.0146322226311612      0.0499999901648256     -0.0000001811599578      0.0000478414642738
      5.5996432969096972             1      1.0000000000000000      1.0000000000000000      1.0000000000000000      0.0000000089394891      0.0146322225391605      0.0499999802463838     -0.0000003455909190      0.0000478415039932
      5.6390767214450888             1      1.0000000000000000      1.0000000000000000      1.0000000000000000      0.0000000089394890      0.0146322223580003      0.0499999617118296     -0.0000006315073009      0.0000478415782055
      5.6785101471185033             1      1.0000000000000000      1.0000000000000000      1.0000000000000000      0.0000000089394888      0.0146322220144388      0.0499999286477702     -0.0000010994196119      0.0000478417105695
      5.7179435718246916             1      1.0000000000000000      1.0000000000000000      1.0000000000000000      0.0000000089394884      0.0146322213890046      0.0499998724792465     -0.0000018235359902      0.0000478419353768
      5.7573769966596586             1      1.0000000000000000      1.0000000000000000      1.0000000000000000      0.0000000089394877      0.0146322202973423      0.0499997814548471     -0.0000028902924315      0.0000478422995980
      5.7968104220448025             1      1.0000000000000000      1.0000000000000000      1.0000000000000000      0.0000000089394866      0.0146322184685626      0.0499996402033164     -0.0000043962649607      0.0000478428646388
      5.8362438465664157             1      1.0000000000000000      1.0000000000000000      1.0000000000000000      0.0000000089394848      0.0146322155211627      0.0499994293806564     -0.0000064457329096      0.0000478437077314
      5.8756772721646140             1      1.0000000000000000      1.0000000000000000      1.0000000000000000      0.0000000089394819      0.0146322109371457      0.0499991254165227     -0.0000091481394346      0.0000478449229277
      5.9151106968887515             1      1.0000000000000000      1.0000000000000000      1.0000000000000000      0.0000000089394776      0.0146322040350024      0.0499987003593836     -0.0000126156713147      0.0000478466216983
      5.9545441216804971             1      1.0000000000000000      1.0000000000000000      1.0000000000000000      0.0000000089394714      0.0146321939421806      0.0499981218121746     -0.0000169611210563      0.0000478489331727
      5.9939775471155512             1      1.0000000000000000      1.0000000000000000      1.0000000000000000      0.0000000089394625      0.0146321795675910      0.0499973529451607     -0.0000222961296824      0.0000478520040768
      6.0334109716256759             1      1.0000000000000000      1.0000000000000000      1.0000000000000000      0.0000000089394501      0.0146321595745952      0.0499963525694241     -0.0000287298743598      0.0000478559984361
      6.0728443971508437             1      1.0000000000000000      1.0000000000000000      1.0000000000000000      0.0000000089394332      0.0146321323548128      0.0499950752538929     -0.0000363681471667      0.0000478610971174
      6.1122778218952485             1      1.0000000000000000      1.0000000000000000      1.0000000000000000      0.0000000089394107      0.0146320960029671      0.0499934714723773     -0.0000453127254654      0.0000478674972632
      6.1517112466459736             1      1.0000000000000000      1.0000000000000000      1.0000000000000000      0.0000000089393811      0.0146320482929285      0.0499914877697730     -0.0000556610760138      0.0000478754116677
      6.1911446721333183             1      1.0000000000000000      1.0000000000000000      1.0000000000000000      0.0000000089393429      0.0146319866550315      0.0499890669426338     -0.0000675053864406      0.0000478850681143
      6.2305780966341979             1      1.0000000000000000      1.0000000000000000      1.0000000000000000      0.0000000089392942      0.0146319081549015      0.0499861482984751     -0.0000809291870322      0.0000478967084184
      6.2700115220884545             1      1.0000000000000000      1.0000000000000000      1.0000000000000000      0.0000000089392330      0.0146318094746596      0.0499826680859939     -0.0000960033019872      0.0000479105868093
      6.3094449468554235             1      1.0000000000000000      1.0000000000000000      1.0000000000000000      0.0000000089391570      0.0146316868974503      0.0499785600497641     -0.0001127835421372      0.0000479269678359
      6.3488783715672810             1      1.0000000000000000      1.0000000000000000      1.0000000000000000      0.0000000089390636      0.0146315362958918      0.0499737560427362     -0.0001313100795476      0.0000479461240675
      6.3883117971092860             1      1.0000000000000000      1.0000000000000000      1.0000000000000000      0.0000000089389501      0.0146313531245813      0.0499681866365493     -0.0001516079453853      0.0000479683338280
      6.4277452216031188             1      1.0000000000000000      1.0000000000000000      1.0000000000000000      0.0000000089388132      0.0146311324164482      0.0499617816974445     -0.0001736882781793      0.0000479938790919
      6.4671786469885202             1      1.0000000000000000      1.0000000000000000      1.0000000000000000      0.0000000089386498      0.0146308687827060      0.0499544709001367     -0.0001975501928683      0.0000480230436518
      6.5066120717803404             1      1.0000000000000000      1.0000000000000000      1.0000000000000000      0.0000000089384561      0.0146305564157799      0.0499461841596559     -0.0002231829222454      0.0000480561116350
      6.5460454964554451             1      1.0000000000000000      1.0000000000000000      1.0000000000000000      0.0000000089382284      0.0146301890947285      0.0499368519776584     -0.0002505680178083      0.0000480933663814
      6.5854789220545191             1      1.0000000000000000      1.0000000000000000      1.0000000000000000      0.0000000089379624      0.0146297601925839      0.0499264057037022     -0.0002796814765667      0.0000481350896788
      6.6249123465435042             1      1.0000000000000000      1.0000000000000000      1.0000000000000000      0.0000000089376540      0.0146292626849087      0.0499147777127869     -0.0003104957009942      0.0000481815613500
      6.6643457718620782             1      1.0000000000000000      1.0000000000000000      1.0000000000000000      0.0000000089372984      0.0146286891593125      0.0499019015142709     -0.0003429811851628      0.0000482330591284
      6.7037791966808609             1      1.0000000000000000      1.0000000000000000      1.0000000000000000      0.0000000089368908      0.0146280318252076      0.0498877117969646     -0.0003771078907632      0.0000482898588041
      6.7432126213211658             1      1.0000000000000000      1.0000000000000000      1.0000000000000000      0.0000000089364262      0.0146272825236366      0.0498721444283400     -0.0004128462643796      0.0000483522345672
      6.7826460469796235             1      1.0000000000000000      1.0000000000000000      1.0000000000000000      0.0000000089358994      0.0146264327369408      0.0498551364226042     -0.0004501678801974      0.0000484204594899
      6.8220794714655382             1      1.0000000000000000      1.0000000000000000      1.0000000000000000      0.0000000089353047      0.0146254735977843      0.0498366258857644     -0.0004890457289330      0.0000484948061145
      6.8615128967185308             1      1.0000000000000000      1.0000000000000000      1.0000000000000000      0.0000000089346365      0.0146243958979934      0.0498165519623788     -0.0005294541651471      0.0000485755470487
      6.9009463215659874             1      1.0000000000000000      1.0000000000000000      1.0000000000000000      0.0000000089338889      0.0146231900966794      0.0497948547846546     -0.0005713686093178      0.0000486629555647
      6.9403797461728294             1      1.0000000000000000      1.0000000000000000      1.0000000000000000      0.0000000089330558      0.0146218463280486      0.0497714754388059     -0.0006147650919149      0.0000487573061427
      6.9798131718922498             1      1.0000000000000000      1.0000000000000000      1.0000000000000000      0.0000000089321308      0.0146203544091240      0.0497463559538387     -0.0006596197549452      0.0000488588749366
      7.0192465963771165             1      1.0000000000000000      1.0000000000000000      1.0000000000000000      0.0000000089311074      0.0146187038468663      0.0497194393011604     -0.0007059084335097      0.0000489679402088
      7.0586800215671479             1      1.0000000000000000      1.0000000000000000      1.0000000000000000      0.0000000089299790      0.0146168838457941      0.0496906694180251     -0.0007536063421028      0.0000490847826803
      7.0981134464463649             1      1.0000000000000000      1.0000000000000000      1.0000000000000000      0.0000000089287387      0.0146148833152284      0.0496599912335444     -0.0008026878956299      0.0000492096858828
      7.1375468710229395             1      1.0000000000000000      1.0000000000000000      1.0000000000000000      0.0000000089273794      0.0146126908833154      0.0496273507986066     -0.0008531264732868      0.0000493429360975
      7.1769801832677462             1      1.0000000000000000      1.0000000000000000      1.0000000000000000      0.0000000089258939      0.0146102948960310      0.0495926951858257     -0.0009048946436450      0.0000494848232413
      7.2164133411134781             1      1.0000000000000000      1.0000000000000000      1.0000000000000000      0.0000000089242748      0.0146076834252983      0.0495559725347829     -0.0009579642186958      0.0000496356411773
      7.2558463425333652             1      1.0000000000000000      1.0000000000000000      1.0000000000000000      0.0000000089225146      0.0146048442786958      0.0495171321120886     -0.0010123062878059      0.0000497956879745
      7.2952791854738157             1      1.0000000000000000      1.0000000000000000      1.0000000000000000      0.0000000089206055      0.0146017650072747      0.0494761243387813     -0.0010678912664439      0.0000499652663138
      7.3347118679206442             1      1.0000000000000000      1.0000000000000000      1.0000000000000000      0.0000000089185397      0.0145984329134143      0.0494329008156051     -0.0011246889791074      0.0000501446839139
      7.3741443879557371             1      1.0000000000000000      1.0000000000000000      1.0000000000000000      0.0000000089163091      0.0145948350586980      0.0493874143438248     -0.0011826687861620      0.0000503342539908
      7.4135767437448976             1      1.0000000000000000      1.0000000000000000      1.0000000000000000      0.0000000089139056      0.0145909582717689      0.0493396189409761     -0.0012417997080651      0.0000505342957505
      7.4530089335624776             1      1.0000000000000000      1.0000000000000000      1.0000000000000000      0.0000000089113209      0.0145867891561243      0.0492894698522794     -0.0013020504891904      0.0000507451349162
      7.4924409559111531             1      1.0000000000000000      1.0000000000000000      1.0000000000000000      0.0000000089085466      0.0145823140978441      0.0492369235609726     -0.0013633896318383      0.0000509671042753
      7.5318728095790668             1      1.0000000000000000      1.0000000000000000      1.0000000000000000      0.0000000089055740      0.0145775192732515      0.0491819377966609     -0.0014257854551540      0.0000512005442514
      7.5713044936010858             1      1.0000000000000000      1.0000000000000000      1.0000000000000000      0.0000000089023946      0.0145723906564916      0.0491244715425482     -0.0014892060450901      0.0000514458034988
      7.6107360071487689             1      1.0000000000000000      1.0000000000000000      1.0000000000000000      0.0000000088989994      0.0145669140270310      0.0490644850477059     -0.0015536191065671      0.0000517032394932
      7.6501673494612756             1      1.0000000000000000      1.0000000000000000      1.0000000000000000      0.0000000088953796      0.0145610749771076      0.0490019398445087     -0.0016189918540755      0.0000519732191191
      7.6895985198405761             1      1.0000000000000000      1.0000000000000000      1.0000000000000000      0.0000000088915261      0.0145548589191627      0.0489367987695464     -0.0016852909268456      0.0000522561192587
      7.7290295176710373             1      1.0000000000000000      1.0000000000000000      1.0000000000000000      0.0000000088874298      0.0145482510932738      0.0488690259877341     -0.0017524823201463      0.0000525523273877
      7.7684603424683880             1      1.0000000000000000      1.0000000000000000      1.0000000000000000      0.0000000088830814      0.0145412365746048      0.0487985870182278     -0.0018205313629919      0.0000528622421803
      7.8078909939511361             1      1.0000000000000000      1.0000000000000000      1.0000000000000000      0.0000000088784717      0.0145338002808850      0.0487254487602231     -0.0018894027444870      0.0000531862741355
      7.8473214720919593             1      1.0000000000000000      1.0000000000000000      1.0000000000000000      0.0000000088735911      0.0145259269799154      0.0486495795169839     -0.0019590605750398      0.0000535248462316
      7.8867517771355553             1      1.0000000000000000      1.0000000000000000      1.0000000000000000      0.0000000088684302      0.0145176012970906      0.0485709490171654     -0.0020294684599256      0.0000538783946151
      7.9261819095692543             1      1.0000000000000000      1.0000000000000000      1.0000000000000000      0.0000000088629793      0.0145088077229290      0.0484895284335268     -0.0021005895596945      0.0000542473693243
      7.9656118700256222             1      1.0000000000000000      1.0000000000000000      1.0000000000000000      0.0000000088572289      0.0144995306205767      0.0484052903997781     -0.0021723866200607      0.0000546322350471
      8.0050416592149354             1      1.0000000000000000      1.0000000000000000      1.0000000000000000      0.0000000088511690      0.0144897542332704      0.0483182090267793     -0.0022448219712558      0.0000550334719074
      8.0444712779250445             1      1.0000000000000000      1.0000000000000000      1.0000000000000000      0.0000000088447900      0.0144794626917612      0.0482282599191270     -0.0023178575076163      0.0000554515762774
      8.0839007270561343             1      1.0000000000000000      1.0000000000000000      1.0000000000000000      0.0000000088380819      0.0144686400216968      0.0481354201927040     -0.0023914546482785      0.0000558870616139
      8.1233300077223252             1      1.0000000000000000      1.0000000000000000      1.0000000000000000      0.0000000088310348      0.0144572701509857      0.0480396684942568     -0.0024655742680944      0.0000563404593139
      8.1627591213570447             1      1.0000000000000000      1.0000000000000000      1.0000000000000000      0.0000000088236387      0.0144453369172114      0.0479409850247868     -0.0025401765888996      0.0000568123195825
      8.2021880696662279             1      1.0000000000000000      1.0000000000000000      1.0000000000000000      0.0000000088158836      0.0144328240751330      0.0478393515682932     -0.0026152210376607      0.0000573032123037
      8.2416168544662334             1      1.0000000000000000      1.0000000000000000      1.0000000000000000      0.0000000088077593      0.0144197153042597      0.0477347515260025     -0.0026906661244119      0.0000578137279132
      8.2810454775960221             1      1.0000000000000000      1.0000000000000000      1.0000000000000000      0.0000000087992558      0.0144059942165063      0.0476271699538843     -0.0027664693768532      0.0000583444782834
      8.3204739409695225             1      1.0000000000000000      1.0000000000000000      1.0000000000000000      0.0000000087903628      0.0143916443639722      0.0475165936020349     -0.0028425872814783      0.0000588960976263
      8.3599022466737782             1      1.0000000000000000      1.0000000000000000      1.0000000000000000      0.0000000087810703      0.0143766492469021      0.0474030109572059     -0.0029189751927873      0.0000594692434081
      8.3993303970069064             1      1.0000000000000000      1.0000000000000000      1.0000000000000000      0.0000000087713679      0.0143609923218590      0.0472864122891774     -0.0029955872533489      0.0000600645972690
      8.4387583944720834             1      1.0000000000000000      1.0000000000000000      1.0000000000000000      0.0000000087612454      0.0143446570101023      0.0471667896984510     -0.0030723764368068      0.0000606828659618
      8.4781862418206604             1      1.0000000000000000      1.0000000000000000      1.0000000000000000      0.0000000087506927      0.0143276267061637      0.0470441371598138     -0.0031492946217016      0.0000613247823356
      8.5176139421452071             1      1.0000000000000000      1.0000000000000000      1.0000000000000000      0.0000000087396994      0.0143098847866455      0.0469184505654531     -0.0032262925611938      0.0000619911063473
      8.5570414989368615             1      1.0000000000000000      1.0000000000000000      1.0000000000000000      0.0000000087282553      0.0142914146192638      0.0467897277701715     -0.0033033198416174      0.0000626826260850
      8.5964689161056533             1      1.0000000000000000      1.0000000000000000      1.0000000000000000      0.0000000087163501      0.0142721995721060      0.0466579686370100     -0.0033803248889539      0.0000634001588103
      8.6358961980802462             1      1.0000000000000000      1.0000000000000000      1.0000000000000000      0.0000000087039735      0.0142522230232614      0.0465231750830449     -0.0034572549597636      0.0000641445520209
      8.6753233496819835             1      1.0000000000000000      1.0000000000000000      1.0000000000000000      0.0000000086911155      0.0142314683710761      0.0463853511295355     -0.0035340560241392      0.0000649166845049
      8.7147503753969957             1      1.0000000000000000      1.0000000000000000      1.0000000000000000      0.0000000086777657      0.0142099190445548      0.0462445029574865     -0.0036106725517305      0.0000657174673773
      8.7541772791451837             1      1.0000000000000000      1.0000000000000000      1.0000000000000000      0.0000000086639139      0.0141875585140253      0.0461006389711389     -0.0036870473024286      0.0000665478450749
      8.7936040643591227             1      1.0000000000000000      1.0000000000000000      1.0000000000000000      0.0000000086495501      0.0141643703023151      0.0459537698681672     -0.0037631212231045      0.0000674087963093
      8.8330307340107499             1      1.0000000000000000      1.0000000000000000      1.0000000000000000      0.0000000086346642      0.0141403379962568      0.0458039087100529     -0.0038388334635463      0.0000683013350079
      8.8724572909725783             1      1.0000000000000000      1.0000000000000000      1.0000000000000000      0.0000000086192460      0.0141154452587570      0.0456510709904473     -0.0039141214577940      0.0000692265112506
      8.9118837382999416             1      1.0000000000000000      1.0000000000000000      1.0000000000000000      0.0000000086032857      0.0140896758414769      0.0454952747002390     -0.0039889210175567      0.0000701854122044
      8.9513100793820026             1      1.0000000000000000      1.0000000000000000      1.0000000000000000      0.0000000085867733      0.0140630135981134      0.0453365403899253     -0.0040631663675180      0.0000711791630474
      8.9907363180118605             1      1.0000000000000000      1.0000000000000000      1.0000000000000000      0.0000000085696989      0.0140354424983043      0.0451748912330075     -0.0041367900644740      0.0000722089278478
      9.0301624583865951             1      1.0000000000000000      1.0000000000000000      1.0000000000000000      0.0000000085520529      0.0140069466422642      0.0450103530953667     -0.0042097228173766      0.0000732759103563
      9.0695885049824128             1      1.0000000000000000      1.0000000000000000      1.0000000000000000      0.0000000085338255      0.0139775102763668      0.0448429546141730     -0.0042818932493878      0.0000743813546682
      9.1090144621594735             1      1.0000000000000000      1.0000000000000000      1.0000000000000000      0.0000000085150072      0.0139471178087718      0.0446727272827513     -0.0043532275980008      0.0000755265457583
      9.1484403348394014             1      1.0000000000000000      1.0000000000000000      1.0000000000000000      0.0000000084955886      0.0139157538241771      0.0444997055391484     -0.0044236493388458      0.0000767128098801
      9.1878661313227994             1      1.0000000000000000      1.0000000000000000      1.0000000000000000      0.0000000084755604      0.0138834031039406      0.0443239268956655     -0.0044930786976800      0.0000779415145425
      9.2272918604728869             1      1.0000000000000000      1.0000000000000000      1.0000000000000000      0.0000000084549134      0.0138500506478493      0.0441454320909105     -0.0045614320242619      0.0000792140681329
      9.2667175289664083             1      1.0000000000000000      1.0000000000000000      1.0000000000000000      0.0000000084336386      0.0138156816941117      0.0439642652503880     -0.0046286210852698      0.0000805319192333
      9.3061431427522070             1      1.0000000000000000      1.0000000000000000      1.0000000000000000      0.0000000084117271      0.0137802817409267      0.0437804740740144     -0.0046945524334100      0.0000818965554471
      9.3455687084935679             1      1.0000000000000000      1.0000000000000000      1.0000000000000000      0.0000000083891703      0.0137438365717166      0.0435941100534459     -0.0047591270079608      0.0000833095016432
      9.3849942330217786             1      1.0000000000000000      1.0000000000000000      1.0000000000000000      0.0000000083659597      0.0137063322826409      0.0434052286991617     -0.0048222400580229      0.0000847723176975
      9.4244197228093451             1      1.0000000000000000      1.0000000000000000      1.0000000000000000      0.0000000083420872      0.0136677553119517      0.0432138897616704     -0.0048837813540601      0.0000862865957895
      9.4638451840098998             1      1.0000000000000000      1.0000000000000000      1.0000000000000000      0.0000000083175446      0.0136280924714075      0.0430201574395192     -0.0049436355275071      0.0000878539572624
      9.5032706227777854             1      1.0000000000000000      1.0000000000000000      1.0000000000000000      0.0000000082923242      0.0135873309800786      0.0428241005747441     -0.0050016823327821      0.0000894760489895
      9.5426960454920096             1      1.0000000000000000      1.0000000000000000      1.0000000000000000      0.0000000082664186      0.0135454585009412      0.0426257928439197     -0.0050577967086090      0.0000911545391193
      9.5821214585519794             1      1.0000000000000000      1.0000000000000000      1.0000000000000000      0.0000000082398206      0.0135024631799334      0.0424253129519786     -0.0051118485244691      0.0000928911120590
      9.6215468681894336             1      1.0000000000000000      1.0000000000000000      1.0000000000000000      0.0000000082125234      0.0134583336876745      0.0422227448420053     -0.0051637021503223      0.0000946874624858
      9.6609722802709435             1      1.0000000000000000      1.0000000000000000      1.0000000000000000      0.0000000081845205      0.0134130592638170      0.0420181779175911     -0.0052132162983701      0.0000965452882981
      9.7003977003158894             1      1.0000000000000000      1.0000000000000000      1.0000000000000000      0.0000000081558058      0.0133666297641061      0.0418117072636232     -0.0052602440424750      0.0000984662825250
      9.7398231337635721             1      1.0000000000000000      1.0000000000000000      1.0000000000000000      0.0000000081263737      0.0133190357104383      0.0416034338699449     -0.0053046325550591      0.0001004521240375
      9.7792485863030194             1      1.0000000000000000      1.0000000000000000      1.0000000000000000      0.0000000080962190      0.0132702683441789      0.0413934648678283     -0.0053462230340390      0.0001025044668337
      9.8186740641982198             1      1.0000000000000000      1.0000000000000000      1.0000000000000000      0.0000000080653370      0.0132203196830647      0.0411819137605497     -0.0053848507668865      0.0001046249279454
      9.8580995744646369             1      1.0000000000000000      1.0000000000000000      1.0000000000000000      0.0000000080337234      0.0131691825837524      0.0409689006663615     -0.0054203451270874      0.0001068150736419
      9.8975251234277462             1      1.0000000000000000      1.0000000000000000      1.0000000000000000      0.0000000080013746      0.0131168508088403      0.0407545525599684     -0.0054525295534447      0.0001090764039140
      9.9369507148814904             1      1.0000000000000000      1.0000000000000000      1.0000000000000000      0.0000000079682877      0.0130633190944679      0.0405390035064626     -0.0054812214352249      0.0001114103351477
      9.9763763508357570             1      1.0000000000000000      1.0000000000000000      1.0000000000000000      0.0000000079344601      0.0130085832167251      0.0403223948823159     -0.0055062314816997      0.0001138181809040
     10.0158020358281963             1      1.0000000000000000      1.0000000000000000      1.0000000000000000      0.0000000078998904      0.0129526400677145      0.0401048756593246     -0.0055273629233713      0.0001163011297682
     10.0552277769073140             1      1.0000000000000000      1.0000000000000000      1.0000000000000000      0.0000000078645775      0.0128954877366881      0.0398866027048558     -0.0055444114498142      0.0001188602205368
     10.0946535832722617             1      1.0000000000000000      1.0000000000000000      1.0000000000000000      0.0000000078285213      0.0128371255991101      0.0396677410903826     -0.0055571652953847      0.0001214963146311
     10.1340794637899769             1      1.0000000000000000      1.0000000000000000      1.0000000000000000      0.0000000077917225      0.0127775544088359      0.0394484643910396     -0.0055654053198846      0.0001242100657589
     10.1735054258736959             1      1.0000000000000000      1.0000000000000000      1.0000000000000000      0.0000000077541828      0.0127167763910242      0.0392289549657610     -0.0055689050381346      0.0001270018868067
     10.2129314770843926             1      1.0000000000000000      1.0000000000000000      1.0000000000000000      0.0000000077159049      0.0126547953412874      0.0390094042468555     -0.0055674304572998      0.0001298719134649
     10.2523576256323601             1      1.0000000000000000      1.0000000000000000      1.0000000000000000      0.0000000076768922      0.0125916167311524      0.0387900130424639     -0.0055607399217930      0.0001328199643733
     10.2917838799103762             1      1.0000000000000000      1.0000000000000000      1.0000000000000000      0.0000000076371498      0.0125272478197244      0.0385709918429502     -0.0055485844852182      0.0001358454977667
     10.3312102472538943             1      1.0000000000000000      1.0000000000000000      1.0000000000000000      0.0000000075966833      0.0124616977677101      0.0383525610905472     -0.0055307087429512      0.0001389475651321
     10.3706367341986656             1      1.0000000000000000      1.0000000000000000      1.0000000000000000      0.0000000075555002      0.0123949777516166      0.0381349513980553     -0.0055068521911709      0.0001421247621624
     10.4100633490963261             1      1.0000000000000000      1.0000000000000000      1.0000000000000000      0.0000000075136088      0.0123271010883482      0.0379184037200969     -0.0054767512463811      0.0001453751771575
     10.4494901005561385             1      1.0000000000000000      1.0000000000000000      1.0000000000000000      0.0000000074710191      0.0122580833623442      0.0377031694405671     -0.0054401412890912      0.0001486963377101
     10.4889169961307562             1      1.0000000000000000      1.0000000000000000      1.0000000000000000      0.0000000074277424      0.0121879425513150      0.0374895103757730     -0.0053967582559756      0.0001520851561433
     10.5283440428418302             1      1.0000000000000000      1.0000000000000000      1.0000000000000000      0.0000000073837917      0.0121166991525025      0.0372776987295735     -0.0053463394173467      0.0001555378736621
     10.5677712477499099             1      1.0000000000000000      1.0000000000000000      1.0000000000000000      0.0000000073391817      0.0120443763097028      0.0370680170349250     -0.0052886236503752      0.0001590500032004
     10.6071986180040287             1      1.0000000000000000      1.0000000000000000      1.0000000000000000      0.0000000072939284      0.0119709999399439      0.0368607580839131     -0.0052233520079822      0.0001626162715314
     10.6466261606238746             1      1.0000000000000000      1.0000000000000000      1.0000000000000000      0.0000000072480500      0.0118965988580254      0.0366562248184555     -0.0051502692121185      0.0001662305619011
     10.6860538824966405             1      1.0000000000000000      1.0000000000000000      1.0000000000000000      0.0000000072015665      0.0118212048979012      0.0364547301388552     -0.0050691263074813      0.0001698858590058
     10.7254817904021280             1      1.0000000000000000      1.0000000000000000      1.0000000000000000      0.0000000071544995      0.0117448530289543      0.0362565965866210     -0.0049796842747707      0.0001735741984854
     10.7649098911190411             1      1.0000000000000000      1.0000000000000000      1.0000000000000000      0.0000000071068731      0.0116675814647909      0.0360621558714134     -0.0048817181706947      0.0001772866231935
     10.8043381916491317             1      1.0000000000000000      1.0000000000000000      1.0000000000000000      0.0000000070587130      0.0115894317624994      0.0358717482330283     -0.0047750212644304      0.0001810131483620
     10.8437666992795396             1      1.0000000000000000      1.0000000000000000      1.0000000000000000      0.0000000070100471      0.0115104489099044      0.0356857216486561     -0.0046594087439232      0.0001847427375590
     10.8831954213808846             1      1.0000000000000000      1.0000000000000000      1.0000000000000000      0.0000000069609057      0.0114306813976651      0.0355044309051046     -0.0045347208742590      0.0001884632912082
     10.9226243652048556             1      1.0000000000000000      1.0000000000000000      1.0000000000000000      0.0000000069113210      0.0113501812733178      0.0353282365542971     -0.0044008257938567      0.0001921616494657
     10.9620535378602160             1      1.0000000000000000      1.0000000000000000      1.0000000000000000      0.0000000068613275      0.0112690041749481      0.0351575037599059     -0.0042576223333234      0.0001958236114385
     11.0014829463987134             1      1.0000000000000000      1.0000000000000000      1.0000000000000000      0.0000000068109619      0.0111872093423607      0.0349926010268927     -0.0041050432109595      0.0001994339730440
     11.0409125978613183             1      1.0000000000000000      1.0000000000000000      1.0000000000000000      0.0000000067602629      0.0111048596033571      0.0348338987956989     -0.0039430587259073      0.0002029765859679
     11.0803424992299622             1      1.0000000000000000      1.0000000000000000      1.0000000000000000      0.0000000067092718      0.0110220213324426      0.0346817678831272     -0.0037716807584308      0.0002064344400432
     11.1197726573292481             1      1.0000000000000000      1.0000000000000000      1.0000000000000000      0.0000000066580315      0.0109387643793161      0.0345365777655766     -0.0035909666462198      0.0002097897707842
     11.1592030787236247             1      1.0000000000000000      1.0000000000000000      1.0000000000000000      0.0000000066065873      0.0108551619647983      0.0343986947171464     -0.0034010226412616      0.0002130241929581
     11.1986337696238394             1      1.0000000000000000      1.0000000000000000      1.0000000000000000      0.0000000065549863      0.0107712905420773      0.0342684798208526     -0.0032020068446330      0.0002161188603238
     11.2380647359077468             1      1.0000000000000000      1.0000000000000000      1.0000000000000000      0.0000000065032775      0.0106872296222555      0.0341462868765584     -0.0029941314771271      0.0002190546507926
     11.2774959830837229             1      1.0000000000000000      1.0000000000000000      1.0000000000000000      0.0000000064515116      0.0106030615633028      0.0340324602344934     -0.0027776643720041      0.0002218123752818
     11.3169275162684002             1      1.0000000000000000      1.0000000000000000      1.0000000000000000      0.0000000063997408      0.0105188713223680      0.0339273325839626     -0.0025529298330428      0.0002243730075880
     11.3563593401930163             1      1.0000000000000000      1.0000000000000000      1.0000000000000000      0.0000000063480189      0.0104347461719228      0.0338312227178251     -0.0023203089579213      0.0002267179319139
     11.3957914593438865             1      1.0000000000000000      1.0000000000000000      1.0000000000000000      0.0000000062964006      0.0103507753812993      0.0337444332997855     -0.0020802389795969      0.0002288292035903
     11.4352238781736890             1      1.0000000000000000      1.0000000000000000      1.0000000000000000      0.0000000062449419      0.0102670498660622      0.0336672486756931     -0.0018332121680594      0.0002306898172588
     11.4746566013199480             1      1.0000000000000000      1.0000000000000000      1.0000000000000000      0.0000000061936992      0.0101836618081729      0.0335999327289683     -0.0015797741706905      0.0002322839771783
     11.5140896338483518             1      1.0000000000000000      1.0000000000000000      1.0000000000000000      0.0000000061427296      0.0101007042554105      0.0335427268387119     -0.0013205205354056      0.0002335973620923
     11.5535229792571261             1      1.0000000000000000      1.0000000000000000      1.0000000000000000      0.0000000060920907      0.0100182711871910      0.0334958482748728     -0.0010560912166016      0.0002346173705895
     11.5929564035861539             1      1.0000000000000000      1.0000000000000000      1.0000000000000000      0.0000000060418399      0.0099364562414623      0.0334594880437365     -0.0007871612624730      0.0002353333616266
     11.6323898290856214             1      1.0000000000000000      1.0000000000000000      1.0000000000000000      0.0000000059920341      0.0098553524417276      0.0334338098009660     -0.0005144359836122      0.0002357368466087
     11.6718232535857549             1      1.0000000000000000      1.0000000000000000      1.0000000000000000      0.0000000059427296      0.0097750519007122      0.0334189488717344     -0.0002386467242789      0.0002358216508171
     11.7112566782283984             1      1.0000000000000000      1.0000000000000000      1.0000000000000000      0.0000000058939818      0.0096956453800233      0.0334150112525087      0.0000394508663027      0.0002355840440560
     11.7506901034237483             1      1.0000000000000000      1.0000000000000000      1.0000000000000000      0.0000000058458452      0.0096172218685415      0.0334220727406290      0.0003190791213794      0.0002350228262211
     11.7901235277433205             1      1.0000000000000000      1.0000000000000000      1.0000000000000000      0.0000000057983728      0.0095398681442298      0.0334401781056704      0.0005994424777264      0.0002341393796040
     11.8295569531665166             1      1.0000000000000000      1.0000000000000000      1.0000000000000000      0.0000000057516157      0.0094636683761748      0.0334693404410954      0.0008797327160881      0.0002329376754021
     11.8689903776915902             1      1.0000000000000000      1.0000000000000000      1.0000000000000000      0.0000000057056236      0.0093887037459383      0.0335095408922895      0.0011591399752377      0.0002314242215585
     11.9084238022926083             1      1.0000000000000000      1.0000000000000000      1.0000000000000000      0.0000000056604438      0.0093150521028909      0.0335607288800058      0.0014368681366785      0.0002296079620782
     11.9478572275473471             1      1.0000000000000000      1.0000000000000000      1.0000000000000000      0.0000000056161215      0.0092427876581462      0.0336228229391107      0.0017121504929506      0.0002275001208230
     11.9872906518597944             1      1.0000000000000000      1.0000000000000000      1.0000000000000000      0.0000000055726993      0.0091719807091653      0.0336957122591219      0.0019842711381022      0.0002251139937587
     12.0267240772089643             1      1.0000000000000000      1.0000000000000000      1.0000000000000000      0.0000000055302176      0.0091026974400657      0.0337792591169800      0.0022525837772266      0.0002224646914230
     12.0661575017613725             1      1.0000000000000000      1.0000000000000000      1.0000000000000000      0.0000000054887138      0.0090349997533559      0.0338733017992695      0.0025165171666913      0.0002195688510672
     12.1055909263230941             1      1.0000000000000000      1.0000000000000000      1.0000000000000000      0.0000000054482229      0.0089689451746220      0.0339776574627568      0.0027755664504786      0.0002164443418657
     12.1450243516395791             1      1.0000000000000000      1.0000000000000000      1.0000000000000000      0.0000000054087769      0.0089045868068255      0.0340921243999154      0.0030292748197912      0.0002131099838869
     12.1844577759471502             1      1.0000000000000000      1.0000000000000000      1.0000000000000000      0.0000000053704052      0.0088419733121259      0.0342164835925702      0.0032772173471058      0.0002095852880487
     12.2238912012244416             1      1.0000000000000000      1.0000000000000000      1.0000000000000000      0.0000000053331347      0.0087811489497736      0.0343504997505569      0.0035189934401630      0.0002058902150549
     12.2633246258067352             1      1.0000000000000000      1.0000000000000000      1.0000000000000000      0.0000000052969892      0.0087221536206958      0.0344939222608652      0.0037542267185927      0.0002020449451318
     12.3027580503316187             1      1.0000000000000000      1.0000000000000000      1.0000000000000000      0.0000000052619904      0.0086650229675256      0.0346464861676678      0.0039825706813936      0.0001980696592802
     12.3421914637101651             1      1.0000000000000000      1.0000000000000000      1.0000000000000000      0.0000000052281571      0.0086097887587603      0.0348079126984338      0.0042037212998109      0.0001939843477075
     12.3816246372194101             1      1.0000000000000000      1.0000000000000000      1.0000000000000000      0.0000000051955058      0.0085564783391909      0.0349779131556725      0.0044174343889563      0.0001898085532272
     12.4210575950405140             1      1.0000000000000000      1.0000000000000000      1.0000000000000000      0.0000000051640505      0.0085051151776386      0.0351561904706090      0.0046235311280560      0.0001855612020307
     12.4604903543547323             1      1.0000000000000000      1.0000000000000000      1.0000000000000000      0.0000000051338029      0.0084557190807225      0.0353424416978949      0.0048219018845294      0.0001812604357978
     12.4999228951656036             1      1.0000000000000000      1.0000000000000000      1.0000000000000000      0.0000000051047727      0.0084083063618714      0.0355363608193020      0.0050125030615747      0.0001769234642973
     12.5393551784157857             1      1.0000000000000000      1.0000000000000000      1.0000000000000000      0.0000000050769674      0.0083628900118385      0.0357376412788748      0.0051953437307670      0.0001725664515983
     12.5787871823196777             1      1.0000000000000000      1.0000000000000000      1.0000000000000000      0.0000000050503928      0.0083194799075081      0.0359459778728628      0.0053704702694795      0.0001682044414665
     12.6182189223649175             1      1.0000000000000000      1.0000000000000000      1.0000000000000000      0.0000000050250528      0.0082780830927525      0.0361610677237135      0.0055379515027147      0.0001638513230846
     12.6576504096607980             1      1.0000000000000000      1.0000000000000000      1.0000000000000000      0.0000000050009499      0.0082387039950939      0.0363826109577590      0.0056978677786226      0.0001595198194135
     12.6970816587137652             1      1.0000000000000000      1.0000000000000000      1.0000000000000000      0.0000000049780850      0.0082013446452255      0.0366103110403817      0.0058503070375992      0.0001552214962987
     12.7365126862695099             1      1.0000000000000000      1.0000000000000000      1.0000000000000000      0.0000000049564577      0.0081660049051872      0.0368438749815263      0.0059953691153717      0.0001509667854540
     12.7759434886545780             1      1.0000000000000000      1.0000000000000000      1.0000000000000000      0.0000000049360665      0.0081326826588228      0.0370830139938642      0.0061331749593721      0.0001467650091748
     12.8153740454872462             1      1.0000000000000000      1.0000000000000000      1.0000000000000000      0.0000000049169088      0.0081013739744906      0.0373274446636563      0.0062638722874125      0.0001426244060477
     12.8548043515581476             1      1.0000000000000000      1.0000000000000000      1.0000000000000000      0.0000000048989808      0.0080720733005042      0.0375768899798829      0.0063876360620489      0.0001385521684356
     12.8942344079941655             1      1.0000000000000000      1.0000000000000000      1.0000000000000000      0.0000000048822782      0.0080447736546325      0.0378310802751554      0.0065046643066249      0.0001345544885024
     12.9336642085261371             1      1.0000000000000000      1.0000000000000000      1.0000000000000000      0.0000000048667956      0.0080194667894014      0.0380897540095489      0.0066151691588453      0.0001306366117832
     12.9730937456445332             1      1.0000000000000000      1.0000000000000000      1.0000000000000000      0.0000000048525271      0.0079961433487420      0.0383526581784772      0.0067193672609435      0.0001268028994242
     13.0125230177241615             1      1.0000000000000000      1.0000000000000000      1.0000000000000000      0.0000000048394663      0.0079747930181207      0.0386195483316862      0.0068174719522974      0.0001230568967226
     13.0519520295082199             1      1.0000000000000000      1.0000000000000000      1.0000000000000000      0.0000000048276062      0.0079554046627217      0.0388901883211845      0.0069096890680967      0.0001194014041279
     13.0913807895856085             1      1.0000000000000000      1.0000000000000000      1.0000000000000000      0.0000000048169395      0.0079379664523620      0.0391643499530621      0.0069962171745035      0.0001158385469407
     13.1308093047971415             1      1.0000000000000000      1.0000000000000000      1.0000000000000000      0.0000000048074583      0.0079224659708271      0.0394418127312763      0.0070772505794727      0.0001123698406718
     13.1702375773849312             1      1.0000000000000000      1.0000000000000000      1.0000000000000000      0.0000000047991547      0.0079088903121637      0.0397223637582635      0.0071529827670156      0.0001089962512952
     13.2096656048134200             1      1.0000000000000000      1.0000000000000000      1.0000000000000000      0.0000000047920205      0.0078972261668527      0.0400057977594281      0.0072236085329952      0.0001057182510065
     13.2490933807987670             1      1.0000000000000000      1.0000000000000000      1.0000000000000000      0.0000000047860473      0.0078874598994081      0.0402919171629846      0.0072893237613186      0.0001025358703851
     13.2885208979495850             1      1.0000000000000000      1.0000000000000000      1.0000000000000000      0.0000000047812264      0.0078795776188297      0.0405805321152893      0.0073503222676896      0.0000994487482011
     13.3279481504965034             1      1.0000000000000000      1.0000000000000000      1.0000000000000000      0.0000000047775492      0.0078735652418898      0.0408714603318920      0.0074067916272053      0.0000964561795818
     13.3673751368094518             1      1.0000000000000000      1.0000000000000000      1.0000000000000000      0.0000000047750070      0.0078694085489610      0.0411645268006344      0.0074589105719361      0.0000935571619391
     13.4068018607776267             1      1.0000000000000000      1.0000000000000000      1.0000000000000000      0.0000000047735909      0.0078670932322256      0.0414595633834298      0.0075068482938160      0.0000907504379424
     13.4462283279242509             1      1.0000000000000000      1.0000000000000000      1.0000000000000000      0.0000000047732923      0.0078666049351410      0.0417564084280788      0.0075507651895551      0.0000880345344527
     13.4856545426716021             1      1.0000000000000000      1.0000000000000000      1.0000000000000000      0.0000000047741023      0.0078679292844033      0.0420549064464293      0.0075908150047316      0.0000854077971702
     13.5250805070952307             1      1.0000000000000000      1.0000000000000000      1.0000000000000000      0.0000000047760121      0.0078710519159882      0.0423549079076460      0.0076271474470920      0.0000828684209601
     13.5645062211601637             1      1.0000000000000000      1.0000000000000000      1.0000000000000000      0.0000000047790129      0.0078759584967756      0.0426562691250168      0.0076599097635860      0.0000804144764791
     13.6039316837637720             1      1.0000000000000000      1.0000000000000000      1.0000000000000000      0.0000000047830961      0.0078826347425658      0.0429588521705316      0.0076892468028372      0.0000780439339789
     13.6433568931309708             1      1.0000000000000000      1.0000000000000000      1.0000000000000000      0.0000000047882531      0.0078910664328391      0.0432625247612437      0.0077152995959468      0.0000757546849143
     13.6827818470570985             1      1.0000000000000000      1.0000000000000000      1.0000000000000000      0.0000000047944752      0.0079012394225895      0.0435671600735869      0.0077382029883249      0.0000735445617708
     13.7222065440957603             1      1.0000000000000000      1.0000000000000000      1.0000000000000000      0.0000000048017538      0.0079131396507818      0.0438726364526956      0.0077580832006095      0.0000714113563737
     13.7616309839118607             1      1.0000000000000000      1.0000000000000000      1.0000000000000000      0.0000000048100806      0.0079267531449942      0.0441788370324330      0.0077750563763745      0.0000693528365740
     13.8010551668556314             1      1.0000000000000000      1.0000000000000000      1.0000000000000000      0.0000000048194471      0.0079420660224167      0.0444856493320886      0.0077892287937310      0.0000673667609361
     13.8404790937248876             1      1.0000000000000000      1.0000000000000000      1.0000000000000000      0.0000000048298450      0.0079590644874482      0.0447929648899745      0.0078006984418040      0.0000654508912266
     13.8799027653482607             1      1.0000000000000000      1.0000000000000000      1.0000000000000000      0.0000000048412659      0.0079777348271534      0.0451006789862469      0.0078095573487226      0.0000636030026429
     13.9193261833725490             1      1.0000000000000000      1.0000000000000000      1.0000000000000000      0.0000000048537017      0.0079980634042455      0.0454086904509332      0.0078158939721563      0.0000618208921087
     13.9587493495533526             1      1.0000000000000000      1.0000000000000000      1.0000000000000000      0.0000000048671442      0.0080200366494456      0.0457169015660367      0.0078197949566243      0.0000601023848495
     13.9981722662366970             1      1.0000000000000000      1.0000000000000000      1.0000000000000000      0.0000000048815852      0.0080436410523364      0.0460252180041196      0.0078213458553435      0.0000584453398009
     14.0375949351283076             1      1.0000000000000000      1.0000000000000000      1.0000000000000000      0.0000000048970167      0.0080688631532246      0.0463335487924593      0.0078206308056486      0.0000568476540467
     14.0770173584344409             1      1.0000000000000000      1.0000000000000000      1.0000000000000000      0.0000000049134306      0.0080956895329873      0.0466418062240559      0.0078177314485294      0.0000553072667924
     14.1164395370029343             1      1.0000000000000000      1.0000000000000000      1.0000000000000000      0.0000000049308189      0.0081241068052854      0.0469499057510301      0.0078127255740973      0.0000538221627154
     14.1558614726948910             1      1.0000000000000000      1.0000000000000000      1.0000000000000000      0.0000000049491735      0.0081541016051295      0.0472577657893091      0.0078056859493025      0.0000523903750759
     14.1952831660095971             1      1.0000000000000000      1.0000000000000000      1.0000000000000000      0.0000000049684864      0.0081856605803470      0.0475653075250736      0.0077966796378812      0.0000510099881617
     14.2347046187714206             1      1.0000000000000000      1.0000000000000000      1.0000000000000000      0.0000000049887498      0.0082187703781616      0.0478724546632529      0.0077857679421878      0.0000496791394015
     14.2741258312617987             1      1.0000000000000000      1.0000000000000000      1.0000000000000000      0.0000000050099555      0.0082534176357933      0.0481791332321028      0.0077730069018980      0.0000483960206861
     14.3135468053486736             1      1.0000000000000000      1.0000000000000000      1.0000000000000000      0.0000000050320956      0.0082895889664246      0.0484852713753610      0.0077584481344396      0.0000471588792938
     14.3529675424455139             1      1.0000000000000000      1.0000000000000000      1.0000000000000000      0.0000000050551621      0.0083272709486479      0.0487907992140743      0.0077421397681987      0.0000459660181485
     14.3923880458152063             1      1.0000000000000000      1.0000000000000000      1.0000000000000000      0.0000000050791469      0.0083664501118868      0.0490956487098960      0.0077241273091554      0.0000448157957783
     14.4318083184104022             1      1.0000000000000000      1.0000000000000000      1.0000000000000000      0.0000000051040420      0.0084071129247875      0.0493997535835496      0.0077044543255035      0.0000437066258221
     14.4712283638234354             1      1.0000000000000000      1.0000000000000000      1.0000000000000000      0.0000000051298392      0.0084492457820722      0.0497030492405750      0.0076831628931497      0.0000426369763334
     14.5106481852766631             1      1.0000000000000000      1.0000000000000000      1.0000000000000000      0.0000000051565305      0.0084928349937560      0.0500054727240505      0.0076602937952928      0.0000416053688476
     14.5500677864716081             1      1.0000000000000000      1.0000000000000000      1.0000000000000000      0.0000000051841075      0.0085378667743508      0.0503069626659043      0.0076358865310259      0.0000406103773492
     14.5894871717829222             1      1.0000000000000000      1.0000000000000000      1.0000000000000000      0.0000000052125621      0.0085843272318249      0.0506074592304739      0.0076099792080987      0.0000396506271781
     14.6289063457358743             1      1.0000000000000000      1.0000000000000000      1.0000000000000000      0.0000000052418859      0.0086322023580905      0.0509069040594163      0.0075826083982635      0.0000387247938578
     14.6683253133675606             1      1.0000000000000000      1.0000000000000000      1.0000000000000000      0.0000000052720705      0.0086814780184106      0.0512052402012407      0.0075538090237358      0.0000378316019113
     14.7077440792621115             1      1.0000000000000000      1.0000000000000000      1.0000000000000000      0.0000000053031074      0.0087321399438996      0.0515024120538886      0.0075236143145994      0.0000369698235874
     14.7471626487351468             1      1.0000000000000000      1.0000000000000000      1.0000000000000000      0.0000000053349880      0.0087841737219450      0.0517983652915494      0.0074920558609073      0.0000361382775968
     14.7865810269160995             1      1.0000000000000000      1.0000000000000000      1.0000000000000000      0.0000000053677037      0.0088375647899683      0.0520930468120670      0.0074591637591553      0.0000353358277623
     14.8259992200475068             1      1.0000000000000000      1.0000000000000000      1.0000000000000000      0.0000000054012457      0.0088922984249444      0.0523864046650821      0.0074249668371525      0.0000345613817064
     14.8654172332096639             1      1.0000000000000000      1.0000000000000000      1.0000000000000000      0.0000000054356052      0.0089483597234444      0.0526783879408968      0.0073894928953468      0.0000338138896253
     14.9048350613952838             1      1.0000000000000000      1.0000000000000000      1.0000000000000000      0.0000000054707732      0.0090057335906005      0.0529689467199431      0.0073527688767544      0.0000330923428910
     14.9442526874380039             1      1.0000000000000000      1.0000000000000000      1.0000000000000000      0.0000000055067406      0.0090644047849796      0.0532580322975859      0.0073148208663625      0.0000323957720124
     14.9836701169113358             1      1.0000000000000000      1.0000000000000000      1.0000000000000000      0.0000000055434983      0.0091243578802924      0.0535455969696236      0.0072756739440578      0.0000317232457424
     15.0230873540714285             1      1.0000000000000000      1.0000000000000000      1.0000000000000000      0.0000000055810369      0.0091855772609617      0.0538315939877743      0.0072353518168767      0.0000310738697511
     15.0625044020448087             1      1.0000000000000000      1.0000000000000000      1.0000000000000000      0.0000000056193471      0.0092480471191649      0.0541159775024607      0.0071938763588113      0.0000304467853538
     15.1019212636256217             1      1.0000000000000000      1.0000000000000000      1.0000000000000000      0.0000000056584193      0.0093117514520225      0.0543987024866198      0.0071512672480508      0.0000298411683040
     15.1413379418636396             1      1.0000000000000000      1.0000000000000000      1.0000000000000000      0.0000000056982438      0.0093766740581705      0.0546797246462082      0.0071075419226033      0.0000292562276336
     15.1807544400804506             1      1.0000000000000000      1.0000000000000000      1.0000000000000000      0.0000000057388110      0.0094427985338643      0.0549590003356432      0.0070627160715389      0.0000286912044989
     15.2201707614927795             1      1.0000000000000000      1.0000000000000000      1.0000000000000000      0.0000000057801109      0.0095101082698847      0.0552364865082949      0.0070168048274445      0.0000281453709731
     15.2595869091732510             1      1.0000000000000000      1.0000000000000000      1.0000000000000000      0.0000000058221335      0.0095785864498635      0.0555121407317029      0.0069698246466847      0.0000276180287406
     15.2990028865081023             1      1.0000000000000000      1.0000000000000000      1.0000000000000000      0.0000000058648687      0.0096482160495718      0.0557859212871738      0.0069217956656571      0.0000271085076733
     15.3384186975988221             1      1.0000000000000000      1.0000000000000000      1.0000000000000000      0.0000000059083061      0.0097189798374264      0.0560577873666302      0.0068727443245927      0.0000266161642914
     15.3778343474526018             1      1.0000000000000000      1.0000000000000000      1.0000000000000000      0.0000000059524353      0.0097908603764371      0.0563276993717637      0.0068227059621722      0.0000261403801223
     15.4172498417726924             1      1.0000000000000000      1.0000000000000000      1.0000000000000000      0.0000000059972459      0.0098638400277048      0.0565956193029805      0.0067717268292197      0.0000256805600057
     15.4566651861205973             1      1.0000000000000000      1.0000000000000000      1.0000000000000000      0.0000000060427272      0.0099379009567768      0.0568615112115540      0.0067198654303048      0.0000252361304112
     15.4960803849485469             1      1.0000000000000000      1.0000000000000000      1.0000000000000000      0.0000000060888684      0.0100130251448620      0.0571253416972340      0.0066671930176084      0.0000248065378048
     15.5354954413868356             1      1.0000000000000000      1.0000000000000000      1.0000000000000000      0.0000000061356586      0.0100891944065749      0.0573870804127446      0.0066137930516538      0.0000243912471360
     15.5749103585089479             1      1.0000000000000000      1.0000000000000000      1.0000000000000000      0.0000000061830868      0.0101663904119026      0.0576467005203846      0.0065597586456097      0.0000239897405243
     15.6143251408427126             1      1.0000000000000000      1.0000000000000000      1.0000000000000000      0.0000000062311421      0.0102445947125274      0.0579041790092497      0.0065051889195021      0.0000236015162791
     15.6537397964927862             1      1.0000000000000000      1.0000000000000000      1.0000000000000000      0.0000000062798134      0.0103237887672304      0.0581594968750321      0.0064501860957933      0.0000232260882013
     15.6931543376623459             1      1.0000000000000000      1.0000000000000000      1.0000000000000000      0.0000000063290894      0.0104039539657867      0.0584126391871818      0.0063948532257717      0.0000228629850882
     15.7325687797929152             1      1.0000000000000000      1.0000000000000000      1.0000000000000000      0.0000000063789590      0.0104850716509271      0.0586635950734973      0.0063392925897147      0.0000225117503671
     15.7719831395175287             1      1.0000000000000000      1.0000000000000000      1.0000000000000000      0.0000000064294110      0.0105671231418443      0.0589123576638460      0.0062836052398214      0.0000221719417795
     15.8113974333818703             1      1.0000000000000000      1.0000000000000000      1.0000000000000000      0.0000000064804342      0.0106500897541387      0.0591589240315060      0.0062278914124643      0.0000218431310449
     15.8508116749269661             1      1.0000000000000000      1.0000000000000000      1.0000000000000000      0.0000000065320175      0.0107339528187367      0.0594032951429124      0.0061722502713468      0.0000215249034971
     15.8902258714093136             1      1.0000000000000000      1.0000000000000000      1.0000000000000000      0.0000000065841495      0.0108186937157529      0.0596454758214511      0.0061167789465999      0.0000212168576977
     15.9296400276105032             1      1.0000000000000000      1.0000000000000000      1.0000000000000000      0.0000000066368193      0.0109042939109783      0.0598854746705431      0.0060615707763735      0.0000209186051059
     15.9690541507157757             1      1.0000000000000000      1.0000000000000000      1.0000000000000000      0.0000000066900157      0.0109907349850532      0.0601233038824503      0.0060067126659284      0.0000206297698977
     16.0084682519127384             1      1.0000000000000000      1.0000000000000000      1.0000000000000000      0.0000000067437277      0.0110779986492191      0.0603589789106856      0.0059522827600599      0.0000203499889460
     16.0478823425129704             1      1.0000000000000000      1.0000000000000000      1.0000000000000000      0.0000000067979445      0.0111660667606014      0.0605925180690679      0.0058983484788700      0.0000200789118635
     16.0872964309979416             1      1.0000000000000000      1.0000000000000000      1.0000000000000000      0.0000000068526553      0.0112549213382960      0.0608239420631516      0.0058449645905676      0.0000198162010971
     16.1267105217195841             1      1.0000000000000000      1.0000000000000000      1.0000000000000000      0.0000000069078494      0.0113445445794071      0.0610532734636908      0.0057921720658298      0.0000195615320543
     16.1661246150006370             1      1.0000000000000000      1.0000000000000000      1.0000000000000000      0.0000000069635160      0.0114349188716742      0.0612805361617338      0.0057399982842077      0.0000193145932072
     16.2055387072299055             1      1.0000000000000000      1.0000000000000000      1.0000000000000000      0.0000000070196449      0.0115260268120628      0.0615057548759681      0.0056884580660720      0.0000190750860921
     16.2449527949883574             1      1.0000000000000000      1.0000000000000000      1.0000000000000000      0.0000000070762257      0.0116178512205138      0.0617289547048003      0.0056375554070962      0.0000188427252208
     16.2843668782709017             1      1.0000000000000000      1.0000000000000000      1.0000000000000000      0.0000000071332481      0.0117103751434630      0.0619501607454770      0.0055872859794189      0.0000186172378847
     16.3237809604021606             1      1.0000000000000000      1.0000000000000000      1.0000000000000000      0.0000000071907021      0.0118035818467921      0.0621693977955138      0.0055376395008206      0.0000183983638460
     16.3631950444256375             1      1.0000000000000000      1.0000000000000000      1.0000000000000000      0.0000000072485778      0.0118974548077991      0.0623866901403737      0.0054886017892640      0.0000181858549288
     16.4026091299037020             1      1.0000000000000000      1.0000000000000000      1.0000000000000000      0.0000000073068653      0.0119919777167737      0.0626020614441746      0.0054401563493798      0.0000179794745102
     16.4420232142809866             1      1.0000000000000000      1.0000000000000000      1.0000000000000000      0.0000000073655549      0.0120871344875248      0.0628155347042015      0.0053922850000839      0.0000177789969680
     16.4814372981590189             1      1.0000000000000000      1.0000000000000000      1.0000000000000000      0.0000000074246371      0.0121829092509746      0.0630271321894498      0.0053449691590680      0.0000175842071703
     16.5208513836211353             1      1.0000000000000000      1.0000000000000000      1.0000000000000000      0.0000000074841025      0.0122792863439420      0.0632368754479667      0.0052981917443851      0.0000173948999120
     16.5602654707364429             1      1.0000000000000000      1.0000000000000000      1.0000000000000000      0.0000000075439416      0.0123762503081390      0.0634447853897371      0.0052519377698684      0.0000172108793061
     16.5996795582101520             1      1.0000000000000000      1.0000000000000000      1.0000000000000000      0.0000000076041454      0.0124737858911982      0.0636508823720925      0.0052061941713830      0.0000170319582119
     16.6390936446431326             1      1.0000000000000000      1.0000000000000000      1.0000000000000000      0.0000000076647047      0.0125718780472941      0.0638551862773569      0.0051609496427287      0.0000168579577077
     16.6785077294164736             1      1.0000000000000000      1.0000000000000000      1.0000000000000000      0.0000000077256106      0.0126705119363271      0.0640577165802030      0.0051161945991268      0.0000166887066068
     16.7179218128260949             1      1.0000000000000000      1.0000000000000000      1.0000000000000000      0.0000000077868542      0.0127696729235026      0.0642584924147932      0.0050719209047298      0.0000165240410034
     16.7573358962303587             1      1.0000000000000000      1.0000000000000000      1.0000000000000000      0.0000000078484269      0.0128693465791017      0.0644575326141772      0.0050281207208470      0.0000163638038753
     16.7967499821608222             1      1.0000000000000000      1.0000000000000000      1.0000000000000000      0.0000000079103200      0.0129695186768855      0.0646548556941671      0.0049847855275190      0.0000162078447681
     16.8361640739017844             1      1.0000000000000000      1.0000000000000000      1.0000000000000000      0.0000000079725251      0.0130701751886810      0.0648504798117249      0.0049419058844974      0.0000160560195202
     16.8755781736951675             1      1.0000000000000000      1.0000000000000000      1.0000000000000000      0.0000000080350337      0.0131713022801066      0.0650444227252596      0.0048994717856655      0.0000159081900016
     16.9149922815678160             1      1.0000000000000000      1.0000000000000000      1.0000000000000000      0.0000000080978378      0.0132728863132571      0.0652367017953016      0.0048574733006793      0.0000157642238287
     16.9544063969747292             1      1.0000000000000000      1.0000000000000000      1.0000000000000000      0.0000000081609290      0.0133749138504065      0.0654273340031992      0.0048159007253801      0.0000156239940772
     16.9938205208178950             1      1.0000000000000000      1.0000000000000000      1.0000000000000000      0.0000000082242994      0.0134773716517440      0.0656163359579417      0.0047747446836989      0.0000154873790205
     17.0332346551363969             1      1.0000000000000000      1.0000000000000000      1.0000000000000000      0.0000000082879411      0.0135802466735940      0.0658037239157973      0.0047339965410313      0.0000153542618691
     17.0726488029916297             1      1.0000000000000000      1.0000000000000000      1.0000000000000000      0.0000000083518463      0.0136835260667891      0.0659895138148928      0.0046936485240775      0.0000152245305109
     17.1120629683763568             1      1.0000000000000000      1.0000000000000000      1.0000000000000000      0.0000000084160074      0.0137871971716571      0.0661737212972876      0.0046536934464081      0.0000150980772754
     17.1514771547918841             1      1.0000000000000000      1.0000000000000000      1.0000000000000000      0.0000000084804167      0.0138912475122749      0.0663563617185213      0.0046141244238502      0.0000149747987226
     17.1908913635545417             1      1.0000000000000000      1.0000000000000000      1.0000000000000000      0.0000000085450669      0.0139956647959624      0.0665374501561382      0.0045749346106857      0.0000148545954463
     17.2303055941138545             1      1.0000000000000000      1.0000000000000000      1.0000000000000000      0.0000000086099505      0.0141004369165350      0.0667170014154637      0.0045361170585249      0.0000147373718923
     17.2697198457995746             1      1.0000000000000000      1.0000000000000000      1.0000000000000000      0.0000000086750603      0.0142055519562186      0.0668950300304537      0.0044976646559184      0.0000146230361894
     17.3091341190726702             1      1.0000000000000000      1.0000000000000000      1.0000000000000000      0.0000000087403893      0.0143109981846561      0.0670715502565478      0.0044595700889911      0.0000145114999956
     17.3485484157134593             1      1.0000000000000000      1.0000000000000000      1.0000000000000000      0.0000000088059303      0.0144167640552005      0.0672465760596162      0.0044218258752362      0.0000144026783536
     17.3879627380470581             1      1.0000000000000000      1.0000000000000000      1.0000000000000000      0.0000000088716764      0.0145228382022258      0.0674201211096667      0.0043844245143706      0.0000142964895504
     17.4273770886064803             1      1.0000000000000000      1.0000000000000000      1.0000000000000000      0.0000000089376209      0.0146292094372181      0.0675921987842452      0.0043473589840448      0.0000141928549746
     17.4667914693773305             1      1.0000000000000000      1.0000000000000000      1.0000000000000000      0.0000000090037571      0.0147358667464134      0.0677628221985359      0.0043106232283477      0.0000140916989580
     17.5062058816049060             1      1.0000000000000000      1.0000000000000000      1.0000000000000000      0.0000000090700783      0.0148427992890473      0.0679320042455121      0.0042742121242654      0.0000139929486173
     17.5456203257609928             1      1.0000000000000000      1.0000000000000000      1.0000000000000000      0.0000000091365781      0.0149499963975492      0.0680997576286512      0.0042381211052362      0.0000138965337109
     17.5850348021587379             1      1.0000000000000000      1.0000000000000000      1.0000000000000000      0.0000000092032500      0.0150574475775868      0.0682660948765446      0.0042023456319009      0.0000138023865185
     17.6244493114735832             1      1.0000000000000000      1.0000000000000000      1.0000000000000000      0.0000000092700877      0.0151651425072387      0.0684310283349922      0.0041668808117683      0.0000137104417443
     17.6638638549585600             1      1.0000000000000000      1.0000000000000000      1.0000000000000000      0.0000000093370851      0.0152730710351704      0.0685945701503741      0.0041317213157331      0.0000136206364322
     17.7032784343490519             1      1.0000000000000000      1.0000000000000000      1.0000000000000000      0.0000000094042360      0.0153812231791337      0.0687567322522859      0.0040968613559748      0.0000135329098858
     17.7426930519512922             1      1.0000000000000000      1.0000000000000000      1.0000000000000000      0.0000000094715345      0.0154895891230078      0.0689175263341637      0.0040622947386833      0.0000134472035922
     17.7821077102642562             1      1.0000000000000000      1.0000000000000000      1.0000000000000000      0.0000000095389746      0.0155981592118074      0.0690769638372562      0.0040280151706645      0.0000133634611472
     17.8215224109264270             1      1.0000000000000000      1.0000000000000000      1.0000000000000000      0.0000000096065505      0.0157069239487177      0.0692350559551426      0.0039940167322960      0.0000132816281667
     17.8609371544338558             1      1.0000000000000000      1.0000000000000000      1.0000000000000000      0.0000000096742565      0.0158158739948150      0.0693918136589603      0.0039602941981432      0.0000132016521884
     17.9003519408118912             1      1.0000000000000000      1.0000000000000000      1.0000000000000000      0.0000000097420870      0.0159250001685549      0.0695472477293208      0.0039268430981624      0.0000131234825714
     17.9397667701446757             1      1.0000000000000000      1.0000000000000000      1.0000000000000000      0.0000000098100365      0.0160342934447826      0.0697013687854036      0.0038936595922588      0.0000130470704036
     17.9791816428701772             1      1.0000000000000000      1.0000000000000000      1.0000000000000000      0.0000000098780995      0.0161437449540072      0.0698541873062601      0.0038607401732031      0.0000129723684191
     18.0185965601227061             1      1.0000000000000000      1.0000000000000000      1.0000000000000000      0.0000000099462706      0.0162533459804072      0.0700057136349289      0.0038280812159346      0.0000128993309319
     18.0580115236001078             1      1.0000000000000000      1.0000000000000000      1.0000000000000000      0.0000000100145446      0.0163630879592135      0.0701559579641449      0.0037956786314372      0.0000128279137868
     18.0974265352337298             1      1.0000000000000000      1.0000000000000000      1.0000000000000000      0.0000000100829164      0.0164729624734352      0.0703049303134293      0.0037635277884272      0.0000127580743185
     18.1368415966825438             1      1.0000000000000000      1.0000000000000000      1.0000000000000000      0.0000000101513807      0.0165829612506494      0.0704526405073633      0.0037316235951618      0.0000126897713116
     18.1762567089164904             1      1.0000000000000000      1.0000000000000000      1.0000000000000000      0.0000000102199327      0.0166930761613179      0.0705990981617271      0.0036999607296698      0.0000126229649575
     18.2156718724025346             1      1.0000000000000000      1.0000000000000000      1.0000000000000000      0.0000000102885674      0.0168032992172514      0.0707443126824396      0.0036685340126465      0.0000125576168028
     18.2550870873724982             1      1.0000000000000000      1.0000000000000000      1.0000000000000000      0.0000000103572800      0.0169136225702321      0.0708882932800302      0.0036373387739831      0.0000124936896896
     18.2945023541399827             1      1.0000000000000000      1.0000000000000000      1.0000000000000000      0.0000000104260656      0.0170240385106055      0.0710310489956692      0.0036063710403332      0.0000124311476893
     18.3339176733643683             1      1.0000000000000000      1.0000000000000000      1.0000000000000000      0.0000000104949197      0.0171345394650048      0.0711725887279809      0.0035756274577541      0.0000123699560386
     18.3733330459457065             1      1.0000000000000000      1.0000000000000000      1.0000000000000000      0.0000000105638377      0.0172451179941283      0.0713129212527121      0.0035451050705538      0.0000123100810832
     18.4127484728882251             1      1.0000000000000000      1.0000000000000000      1.0000000000000000      0.0000000106328149      0.0173557667910421      0.0714520552343177      0.0035148011318948      0.0000122514902302
     18.4521639553201950             1      1.0000000000000000      1.0000000000000000      1.0000000000000000      0.0000000107018471      0.0174664786793192      0.0715899992311575      0.0034847129602390      0.0000121941519069
     18.4915794944422380             1      1.0000000000000000      1.0000000000000000      1.0000000000000000      0.0000000107709297      0.0175772466108841      0.0717267616946236      0.0034548377874427      0.0000121380355247
     18.5309950913711461             1      1.0000000000000000      1.0000000000000000      1.0000000000000000      0.0000000108400586      0.0176880636642212      0.0718623509624060      0.0034251725864823      0.0000120831114505
     18.5704107471276245             1      1.0000000000000000      1.0000000000000000      1.0000000000000000      0.0000000109092295      0.0177989230426870      0.0719967752454499      0.0033957139460399      0.0000120293509816
     18.6098264626905454             1      1.0000000000000000      1.0000000000000000      1.0000000000000000      0.0000000109784383      0.0179098180725543      0.0721300426122798      0.0033664580846070      0.0000119767263252
     18.6492422389960417             1      1.0000000000000000      1.0000000000000000      1.0000000000000000      0.0000000110476808      0.0180207422009328      0.0722621609768479      0.0033374010038913      0.0000119252105750
     18.6886580769306896             1      1.0000000000000000      1.0000000000000000      1.0000000000000000      0.0000000111169532      0.0181316889937776      0.0723931380952683      0.0033085387976856      0.0000118747776837
     18.7280739773784184             1      1.0000000000000000      1.0000000000000000      1.0000000000000000      0.0000000111862514      0.0182426521341052      0.0725229815766879      0.0032798679423585      0.0000118254024262
     18.7674899413341620             1      1.0000000000000000      1.0000000000000000      1.0000000000000000      0.0000000112555716      0.0183536254201216      0.0726516989008285      0.0032513853576588      0.0000117770603605
     18.8069059699520018             1      1.0000000000000000      1.0000000000000000      1.0000000000000000      0.0000000113249101      0.0184646027630668      0.0727792974342329      0.0032230883668266      0.0000117297277899
     18.8463220644517762             1      1.0000000000000000      1.0000000000000000      1.0000000000000000      0.0000000113942630      0.0185755781852897      0.0729057844448379      0.0031949746052192      0.0000116833817293
     18.8857382260709095             1      1.0000000000000000      1.0000000000000000      1.0000000000000000      0.0000000114636267      0.0186865458187319      0.0730311671111633      0.0031670418374560      0.0000116379998750
     18.9251544561330753             1      1.0000000000000000      1.0000000000000000      1.0000000000000000      0.0000000115329977      0.0187974999031575      0.0731554525234650      0.0031392877789316      0.0000115935605817
     18.9645707560152346             1      1.0000000000000000      1.0000000000000000      1.0000000000000000      0.0000000116023723      0.0189084347844881      0.0732786476789465      0.0031117099507405      0.0000115500428445
     19.0039871271577532             1      1.0000000000000000      1.0000000000000000      1.0000000000000000      0.0000000116717471      0.0190193449130631      0.0734007594719447      0.0030843056042825      0.0000115074262843
     19.0434035710658875             1      1.0000000000000000      1.0000000000000000      1.0000000000000000      0.0000000117411188      0.0191302248413296      0.0735217946836025      0.0030570718148893      0.0000114656911341
     19.0828200891340352             1      1.0000000000000000      1.0000000000000000      1.0000000000000000      0.0000000118104838      0.0192410692217925      0.0736417599783291      0.0030300056525795      0.0000114248182222
     19.1222366825770251             1      1.0000000000000000      1.0000000000000000      1.0000000000000000      0.0000000118798390      0.0193518728047914      0.0737606619058603      0.0030031043032952      0.0000113847889513
     19.1616533522995027             1      1.0000000000000000      1.0000000000000000      1.0000000000000000      0.0000000119491812      0.0194626304364058      0.0738785069073721      0.0029763651568944      0.0000113455852765
     19.2010700987972527             1      1.0000000000000000      1.0000000000000000      1.0000000000000000      0.0000000120185070      0.0195733370572740      0.0739953013252880      0.0029497858400826      0.0000113071896822
     19.2404869223628410             1      1.0000000000000000      1.0000000000000000      1.0000000000000000      0.0000000120878134      0.0196839877016638      0.0741110514126354      0.0029233641500062      0.0000112695851595
     19.2799038233569391             1      1.0000000000000000      1.0000000000000000      1.0000000000000000      0.0000000121570974      0.0197945774963072      0.0742257633382425      0.0028970979685048      0.0000112327551878
     19.3193208023780336             1      1.0000000000000000      1.0000000000000000      1.0000000000000000      0.0000000122263558      0.0199051016588581      0.0743394431890660      0.0028709852079005      0.0000111966837178
     19.3587378602881550             1      1.0000000000000000      1.0000000000000000      1.0000000000000000      0.0000000122955858      0.0200155554960873      0.0744520969700201      0.0028450237505740      0.0000111613551578
     19.3981549981398480             1      1.0000000000000000      1.0000000000000000      1.0000000000000000      0.0000000123647844      0.0201259344017807      0.0745637306011346      0.0028192113995924      0.0000111267543606
     19.4375722169972427             1      1.0000000000000000      1.0000000000000000      1.0000000000000000      0.0000000124339488      0.0202362338549844      0.0746743499134071      0.0027935458225766      0.0000110928666131
     19.4769895178852259             1      1.0000000000000000      1.0000000000000000      1.0000000000000000      0.0000000125030761      0.0203464494190792      0.0747839606432690      0.0027680245386495      0.0000110596776269
     19.5164069020451088             1      1.0000000000000000      1.0000000000000000      1.0000000000000000      0.0000000125721636      0.0204565767394855      0.0748925684271189      0.0027426449689976      0.0000110271735286
     19.5558243707112389             1      1.0000000000000000      1.0000000000000000      1.0000000000000000      0.0000000126412086      0.0205666115378558      0.0750001787946950      0.0027174045167602      0.0000109953408503
     19.5952419236337363             1      1.0000000000000000      1.0000000000000000      1.0000000000000000      0.0000000127102084      0.0206765496112711      0.0751067971717532      0.0026923007015974      0.0000109641665165
     19.6346595593853230             1      1.0000000000000000      1.0000000000000000      1.0000000000000000      0.0000000127791604      0.0207863868365536      0.0752124288930351      0.0026673312608058      0.0000109336378267
     19.6740772774909622             1      1.0000000000000000      1.0000000000000000      1.0000000000000000      0.0000000128480620      0.0208961191708444      0.0753170792132907      0.0026424941531339      0.0000109037424383
     19.7134950792026231             1      1.0000000000000000      1.0000000000000000      1.0000000000000000      0.0000000129169106      0.0210057426466712      0.0754207533118032      0.0026177875136982      0.0000108744683525
     19.7529129662712108             1      1.0000000000000000      1.0000000000000000      1.0000000000000000      0.0000000129857039      0.0211152533671180      0.0755234562949321      0.0025932095875112      0.0000108458039020
     19.7923309397278402             1      1.0000000000000000      1.0000000000000000      1.0000000000000000      0.0000000130544392      0.0212246475051652      0.0756251931997969      0.0025687586675983      0.0000108177377395
     19.8317490001466616             1      1.0000000000000000      1.0000000000000000      1.0000000000000000      0.0000000131231143      0.0213339213034287      0.0757259689962959      0.0025444330435629      0.0000107902588279
     19.8711671480439733             1      1.0000000000000000      1.0000000000000000      1.0000000000000000      0.0000000131917268      0.0214430710730231      0.0758257885856901      0.0025202309086909      0.0000107633564320
     19.9105853839602283             1      1.0000000000000000      1.0000000000000000      1.0000000000000000      0.0000000132602743      0.0215520931923342      0.0759246567949922      0.0024961502890499      0.0000107370201140
     19.9500037085146431             1      1.0000000000000000      1.0000000000000000      1.0000000000000000      0.0000000133287545      0.0216609841054778      0.0760225783703251      0.0024721890660209      0.0000107112397287
     19.9894221223579294             1      1.0000000000000000      1.0000000000000000      1.0000000000000000      0.0000000133971653      0.0217697403205179      0.0761195579723561      0.0024483450636143      0.0000106860054180
     20.0288406260463141             1      1.0000000000000000      1.0000000000000000      1.0000000000000000      0.0000000134655043      0.0218783584077993      0.0762156001761374      0.0024246161672465      0.0000106613076036
     20.0682592199569605             1      1.0000000000000000      1.0000000000000000      1.0000000000000000      0.0000000135337695      0.0219868349993183      0.0763107094763953      0.0024010004217317      0.0000106371369757
     20.1076779045688490             1      1.0000000000000000      1.0000000000000000      1.0000000000000000      0.0000000136019587      0.0220951667876642      0.0764048902951779      0.0023774960714831      0.0000106134844824
     20.1470966805698737             1      1.0000000000000000      1.0000000000000000      1.0000000000000000      0.0000000136700697      0.0222033505242829      0.0764981469893022      0.0023541015517443      0.0000105903413174
     20.1865155486935386             1      1.0000000000000000      1.0000000000000000      1.0000000000000000      0.0000000137381006      0.0223113830181808      0.0765904838572840      0.0023308154602006      0.0000105676989101
     20.2259345096918643             1      1.0000000000000000      1.0000000000000000      1.0000000000000000      0.0000000138060492      0.0224192611350962      0.0766819051453333      0.0023076365186410      0.0000105455489158
     20.2653535644591685             1      1.0000000000000000      1.0000000000000000      1.0000000000000000      0.0000000138739137      0.0225269817968527      0.0767724150515480      0.0022845635072878      0.0000105238832072
     20.3047727142070897             1      1.0000000000000000      1.0000000000000000      1.0000000000000000      0.0000000139416920      0.0226345419786856      0.0768620177251254      0.0022615951731926      0.0000105026938692
     20.3441919598878371             1      1.0000000000000000      1.0000000000000000      1.0000000000000000      0.0000000140093821      0.0227419387035903      0.0769507172596739      0.0022387301609815      0.0000104819731950
     20.3836113005173161             1      1.0000000000000000      1.0000000000000000      1.0000000000000000      0.0000000140769823      0.0228491690495368      0.0770385176954937      0.0022159669924571      0.0000104617136827
     20.4230307362212251             1      1.0000000000000000      1.0000000000000000      1.0000000000000000      0.0000000141444905      0.0229562301494605      0.0771254230158819      0.0021933040937367      0.0000104419080317
     20.4624502686550080             1      1.0000000000000000      1.0000000000000000      1.0000000000000000      0.0000000142119050      0.0230631191851119      0.0772114371402305      0.0021707398488749      0.0000104225491403
     20.5018698991656443             1      1.0000000000000000      1.0000000000000000      1.0000000000000000      0.0000000142792240      0.0231698333846633      0.0772965639224877      0.0021482726549823      0.0000104036301013
     20.5412896283246234             1      1.0000000000000000      1.0000000000000000      1.0000000000000000      0.0000000143464456      0.0232763700228011      0.0773808071534551      0.0021259009469171      0.0000103851441958
     20.5807094563701476             1      1.0000000000000000      1.0000000000000000      1.0000000000000000      0.0000000144135681      0.0233827264212148      0.0774641705638125      0.0021036232285497      0.0000103670848880
     20.6201293837923316             1      1.0000000000000000      1.0000000000000000      1.0000000000000000      0.0000000144805898      0.0234888999479030      0.0775466578280653      0.0020814381033676      0.0000103494458175
     20.6595494114729554             1      1.0000000000000000      1.0000000000000000      1.0000000000000000      0.0000000145475090      0.0235948880154919      0.0776282725675309      0.0020593442380794      0.0000103322207941
     20.6989695404453293             1      1.0000000000000000      1.0000000000000000      1.0000000000000000      0.0000000146143240      0.0237006880794484      0.0777090183510945      0.0020373403163487      0.0000103154037926
     20.7383897716011312             1      1.0000000000000000      1.0000000000000000      1.0000000000000000      0.0000000146810330      0.0238062976366340      0.0777888986950336      0.0020154250128566      0.0000102989889486
     20.7778101055154529             1      1.0000000000000000      1.0000000000000000      1.0000000000000000      0.0000000147476346      0.0239117142243035      0.0778679170625203      0.0019935970057947      0.0000102829705553
     20.8172305424323838             1      1.0000000000000000      1.0000000000000000      1.0000000000000000      0.0000000148141271      0.0240169354195940      0.0779460768645782      0.0019718549722357      0.0000102673430589
     20.8566510824291420             1      1.0000000000000000      1.0000000000000000      1.0000000000000000      0.0000000148805089      0.0241219588392100      0.0780233814595798      0.0019501975542820      0.0000102521010558
     20.8960717256517512             1      1.0000000000000000      1.0000000000000000      1.0000000000000000      0.0000000149467785      0.0242267821388863      0.0780998341524053      0.0019286233908220      0.0000102372392892
     20.9354924724678924             1      1.0000000000000000      1.0000000000000000      1.0000000000000000      0.0000000150129343      0.0243314030126158      0.0781754381954932      0.0019071311567510      0.0000102227526457
     20.9749133235289236             1      1.0000000000000000      1.0000000000000000      1.0000000000000000      0.0000000150789748      0.0244358191914315      0.0782501967899339      0.0018857195459650      0.0000102086361506
     21.0143342796560120             1      1.0000000000000000      1.0000000000000000      1.0000000000000000      0.0000000151448985      0.0245400284419824      0.0783241130850331      0.0018643872327297      0.0000101948849654
     21.0537553416409544             1      1.0000000000000000      1.0000000000000000      1.0000000000000000      0.0000000152107040      0.0246440285653914      0.0783971901769822      0.0018431328683773      0.0000101814943853
     21.0931765101487088             1      1.0000000000000000      1.0000000000000000      1.0000000000000000      0.0000000152763898      0.0247478173965594      0.0784694311089312      0.0018219551383185      0.0000101684598358
     21.1325977857860288             1      1.0000000000000000      1.0000000000000000      1.0000000000000000      0.0000000153419544      0.0248513928035215      0.0785408388737857      0.0018008528084862      0.0000101557768686
     21.1720191691828603             1      1.0000000000000000      1.0000000000000000      1.0000000000000000      0.0000000154073965      0.0249547526866589      0.0786114164175848      0.0017798247361385      0.0000101434411572
     21.2114406610075754             1      1.0000000000000000      1.0000000000000000      1.0000000000000000      0.0000000154727147      0.0250578949779182      0.0786811666431025      0.0017588698551885      0.0000101314484919
     21.2508622619715979             1      1.0000000000000000      1.0000000000000000      1.0000000000000000      0.0000000155379075      0.0251608176400193      0.0787500924122165      0.0017379871558868      0.0000101197947762
     21.2902839728184823             1      1.0000000000000000      1.0000000000000000      1.0000000000000000      0.0000000156029737      0.0252635186654547      0.0788181965480561      0.0017171756924106      0.0000101084760229
     21.3297057942225692             1      1.0000000000000000      1.0000000000000000      1.0000000000000000      0.0000000156679119      0.0253659960729260      0.0788854818352568      0.0016964345302787      0.0000100974883512
     21.3691277256892214             1      1.0000000000000000      1.0000000000000000      1.0000000000000000      0.0000000157327207      0.0254682478806891      0.0789519510030980      0.0016757628093774      0.0000100868279869
     21.4085497555229267             1      1.0000000000000000      1.0000000000000000      1.0000000000000000      0.0000000157973989      0.0255702721673208      0.0790176067708590      0.0016551597391493      0.0000100764912508
     21.4479718844666358             1      1.0000000000000000      1.0000000000000000      1.0000000000000000      0.0000000158619451      0.0256720670389076      0.0790824518267438      0.0016346245562201      0.0000100664745604
     21.4873941133676496             1      1.0000000000000000      1.0000000000000000      1.0000000000000000      0.0000000159263582      0.0257736306278475      0.0791464888296048      0.0016141565079425      0.0000100567744263
     21.5268164429558517             1      1.0000000000000000      1.0000000000000000      1.0000000000000000      0.0000000159906367      0.0258749610923502      0.0792097204075727      0.0015937548154618      0.0000100473874516
     21.5662388738861388             1      1.0000000000000000      1.0000000000000000      1.0000000000000000      0.0000000160547796      0.0259760566157609      0.0792721491574963      0.0015734186464468      0.0000100383103293
     21.6056614067119170             1      1.0000000000000000      1.0000000000000000      1.0000000000000000      0.0000000161187855      0.0260769154061313      0.0793337776414708      0.0015531470978875      0.0000100295398435
     21.6450840419566823             1      1.0000000000000000      1.0000000000000000      1.0000000000000000      0.0000000161826533      0.0261775356957669      0.0793946083860775      0.0015329392921601      0.0000100210728670
     21.6845067801805627             1      1.0000000000000000      1.0000000000000000      1.0000000000000000      0.0000000162463818      0.0262779157410352      0.0794546438849261      0.0015127944153331      0.0000100129063588
     21.7239296221443183             1      1.0000000000000000      1.0000000000000000      1.0000000000000000      0.0000000163099697      0.0263780538217736      0.0795138866009498      0.0014927117134003      0.0000100050373609
     21.7633525688083047             1      1.0000000000000000      1.0000000000000000      1.0000000000000000      0.0000000163734159      0.0264779482399400      0.0795723389671634      0.0014726903687133      0.0000099974629964
     21.8027756210232120             1      1.0000000000000000      1.0000000000000000      1.0000000000000000      0.0000000164367193      0.0265775973184592      0.0796300033810588      0.0014527294755118      0.0000099901804703
     21.8421987792966519             1      1.0000000000000000      1.0000000000000000      1.0000000000000000      0.0000000164998787      0.0266769994010742      0.0796868822031554      0.0014328280115251      0.0000099831870692
     21.8816220439607960             1      1.0000000000000000      1.0000000000000000      1.0000000000000000      0.0000000165628930      0.0267761528518151      0.0797429777502001      0.0014129848717681      0.0000099764801628
     21.9210454151986305             1      1.0000000000000000      1.0000000000000000      1.0000000000000000      0.0000000166257610      0.0268750560547903      0.0797982922960258      0.0013931989325502      0.0000099700572027
     21.9604688932037213             1      1.0000000000000000      1.0000000000000000      1.0000000000000000      0.0000000166884816      0.0269737074132575      0.0798528280680275      0.0013734689883043      0.0000099639157220
     21.9998924780533933             1      1.0000000000000000      1.0000000000000000      1.0000000000000000      0.0000000167510539      0.0270721053498147      0.0799065872448202      0.0013537937207053      0.0000099580533358
     22.0393161700336790             1      1.0000000000000000      1.0000000000000000      1.0000000000000000      0.0000000168134765      0.0271702483056499      0.0799595719507430      0.0013341717356683      0.0000099524677422
     22.0787399695986437             1      1.0000000000000000      1.0000000000000000      1.0000000000000000      0.0000000168757486      0.0272681347401220      0.0800117842562693      0.0013146016864921      0.0000099471567210
     22.1181638774661593             1      1.0000000000000000      1.0000000000000000      1.0000000000000000      0.0000000169378690      0.0273657631291739      0.0800632261815071      0.0012950824558825      0.0000099421181303
     22.1575878942341262             1      1.0000000000000000      1.0000000000000000      1.0000000000000000      0.0000000169998367      0.0274631319652766      0.0801138997098197      0.0012756132658299      0.0000099373498981
     22.1970120205843067             1      1.0000000000000000      1.0000000000000000      1.0000000000000000      0.0000000170616505      0.0275602397561521      0.0801638067987615      0.0012561935795020      0.0000099328500155
     22.2364362569555851             1      1.0000000000000000      1.0000000000000000      1.0000000000000000      0.0000000171233096      0.0276570850252206      0.0802129493873771      0.0012368229214702      0.0000099286165318
     22.2758606038870717             1      1.0000000000000000      1.0000000000000000      1.0000000000000000      0.0000000171848129      0.0277536663105152      0.0802613293942940      0.0012175007444047      0.0000099246475547
     22.3152850617313128             1      1.0000000000000000      1.0000000000000000      1.0000000000000000      0.0000000172461592      0.0278499821656671      0.0803089487156138      0.0011982264302351      0.0000099209412502
     22.3547096312159432             1      1.0000000000000000      1.0000000000000000      1.0000000000000000      0.0000000173073478      0.0279460311596399      0.0803558092222040      0.0011789992934462      0.0000099174958434
     22.3941343135054254             1      1.0000000000000000      1.0000000000000000      1.0000000000000000      0.0000000173683774      0.0280418118751345      0.0804019127572042      0.0011598186518386      0.0000099143096185
     22.4335591097200044             1      1.0000000000000000      1.0000000000000000      1.0000000000000000      0.0000000174292472      0.0281373229054864      0.0804472611365065      0.0011406838566079      0.0000099113809170
     22.4729840198205935             1      1.0000000000000000      1.0000000000000000      1.0000000000000000      0.0000000174899561      0.0282325628567704      0.0804918561500498      0.0011215942401568      0.0000099087081366
     22.5124090436276987             1      1.0000000000000000      1.0000000000000000      1.0000000000000000      0.0000000175505033      0.0283275303470291      0.0805356995587325      0.0011025489227651      0.0000099062897321
     22.5518341806619063             1      1.0000000000000000      1.0000000000000000      1.0000000000000000      0.0000000176108876      0.0284222240077301      0.0805787930833145      0.0010835468046968      0.0000099041242203
     22.5912594309299983             1      1.0000000000000000      1.0000000000000000      1.0000000000000000      0.0000000176711081      0.0285166424827028      0.0806211383988159      0.0010645865638410      0.0000099022101822
     22.6306847946910743             1      1.0000000000000000      1.0000000000000000      1.0000000000000000      0.0000000177311640      0.0286107844284424      0.0806627371243790      0.0010456668286515      0.0000099005462672
     22.6701102728121384             1      1.0000000000000000      1.0000000000000000      1.0000000000000000      0.0000000177910542      0.0287046485121680      0.0807035908313606      0.0010267865689293      0.0000098991311881
     22.7095358661860267             1      1.0000000000000000      1.0000000000000000      1.0000000000000000      0.0000000178507777      0.0287982334109501      0.0807437010574987      0.0010079450989300      0.0000098979637128
     22.7489615755527197             1      1.0000000000000000      1.0000000000000000      1.0000000000000000      0.0000000179103338      0.0288915378114704      0.0807830693182496      0.0009891419251898      0.0000098970426575
     22.7883874015462453             1      1.0000000000000000      1.0000000000000000      1.0000000000000000      0.0000000179697213      0.0289845604097266      0.0808216971098951      0.0009703765145495      0.0000098963668853
     22.8278133446963380             1      1.0000000000000000      1.0000000000000000      1.0000000000000000      0.0000000180289394      0.0290772999105101      0.0808595859057645      0.0009516483188622      0.0000098959353065
     22.8672394053350665             1      1.0000000000000000      1.0000000000000000      1.0000000000000000      0.0000000180879872      0.0291697550280121      0.0808967371597575      0.0009329568640608      0.0000098957468770
     22.9066655839823561             1      1.0000000000000000      1.0000000000000000      1.0000000000000000      0.0000000181468638      0.0292619244853422      0.0809331523068949      0.0009143016303602      0.0000098958005972
     22.9460918812642589             1      1.0000000000000000      1.0000000000000000      1.0000000000000000      0.0000000182055682      0.0293538070137244      0.0809688327595903      0.0008956820057708      0.0000098960955133
     22.9855182976932468             1      1.0000000000000000      1.0000000000000000      1.0000000000000000      0.0000000182640995      0.0294454013520019      0.0810037799042591      0.0008770972826169      0.0000098966307182
     23.0249448335858915             1      1.0000000000000000      1.0000000000000000      1.0000000000000000      0.0000000183224569      0.0295367062461662      0.0810379950983292      0.0008585467831280      0.0000098974053528
     23.0643714889965956             1      1.0000000000000000      1.0000000000000000      1.0000000000000000      0.0000000183806394      0.0296277204506631      0.0810714796759122      0.0008400299606421      0.0000098984186027
     23.1037982644164330             1      1.0000000000000000      1.0000000000000000      1.0000000000000000      0.0000000184386462      0.0297184427289950      0.0811042349490742      0.0008215460642961      0.0000098996696974
     23.1432251611643096             1      1.0000000000000000      1.0000000000000000      1.0000000000000000      0.0000000184964763      0.0298088718499538      0.0811362621923924      0.0008030940975419      0.0000099011579168
     23.1826521798969125             1      1.0000000000000000      1.0000000000000000      1.0000000000000000      0.0000000185541289      0.0298990065873738      0.0811675626403599      0.0007846730333841      0.0000099028825922
     23.2220793206556273             1      1.0000000000000000      1.0000000000000000      1.0000000000000000      0.0000000186116030      0.0299888457203327      0.0811981374864789      0.0007662818853565      0.0000099048431062
     23.2615065831125705             1      1.0000000000000000      1.0000000000000000      1.0000000000000000      0.0000000186688979      0.0300783880306711      0.0812279878877672      0.0007479198645217      0.0000099070388901
     23.3009339656315539             1      1.0000000000000000      1.0000000000000000      1.0000000000000000      0.0000000187260126      0.0301676323063931      0.0812571149735219      0.0007295862418699      0.0000099094694190
     23.3403614668904673             1      1.0000000000000000      1.0000000000000000      1.0000000000000000      0.0000000187829462      0.0302565773470778      0.0812855198432148      0.0007112800926277      0.0000099121342141
     23.3797890884207149             1      1.0000000000000000      1.0000000000000000      1.0000000000000000      0.0000000188396979      0.0303452219639201      0.0813132035579151      0.0006930003444079      0.0000099150328466
     23.4192168348240841             1      1.0000000000000000      1.0000000000000000      1.0000000000000000      0.0000000188962669      0.0304335649737056      0.0813401671369417      0.0006747459957533      0.0000099181649380
     23.4586447112963654             1      1.0000000000000000      1.0000000000000000      1.0000000000000000      0.0000000189526522      0.0305216051930972      0.0813664115615014      0.0006565161577141      0.0000099215301566
     23.4980727212303186             1      1.0000000000000000      1.0000000000000000      1.0000000000000000      0.0000000190088531      0.0306093414335988      0.0813919377749907      0.0006383098895777      0.0000099251282165
     23.5375008640602807             1      1.0000000000000000      1.0000000000000000      1.0000000000000000      0.0000000190648686      0.0306967725022742      0.0814167466799041      0.0006201262401251      0.0000099289588790
     23.5769291356639599             1      1.0000000000000000      1.0000000000000000      1.0000000000000000      0.0000000191206978      0.0307838971990633      0.0814408391432784      0.0006019646002926      0.0000099330219488
     23.6163575272270982             1      1.0000000000000000      1.0000000000000000      1.0000000000000000      0.0000000191763400      0.0308707143481434      0.0814642160238794      0.0005838247864383      0.0000099373172666
     23.6557860395339610             1      1.0000000000000000      1.0000000000000000      1.0000000000000000      0.0000000192317942      0.0309572227964115      0.0814868781854720      0.0005657070215058      0.0000099418447008
     23.6952146825018595             1      1.0000000000000000      1.0000000000000000      1.0000000000000000      0.0000000192870596      0.0310434213710367      0.0815088265054261      0.0005476121278073      0.0000099466041359
     23.7346434559038890             1      1.0000000000000000      1.0000000000000000      1.0000000000000000      0.0000000193421354      0.0311293089100479      0.0815300619061208      0.0005295413247496      0.0000099515954613
     23.7740723631962112             1      1.0000000000000000      1.0000000000000000      1.0000000000000000      0.0000000193970207      0.0312148842524714      0.0815505853562198      0.0005114955953601      0.0000099568185692
     23.8135014069329323             1      1.0000000000000000      1.0000000000000000      1.0000000000000000      0.0000000194517147      0.0313001462409121      0.0815703978514938      0.0004934753360912      0.0000099622733646
     23.8529305898717929             1      1.0000000000000000      1.0000000000000000      1.0000000000000000      0.0000000195062165      0.0313850937153411      0.0815895003893339      0.0004754802469370      0.0000099679597769
     23.8923599120818153             1      1.0000000000000000      1.0000000000000000      1.0000000000000000      0.0000000195605253      0.0314697254887899      0.0816078939330428      0.0004575092409663      0.0000099738777736
     23.9317893596199447             1      1.0000000000000000      1.0000000000000000      1.0000000000000000      0.0000000196146401      0.0315540403402059      0.0816255793803475      0.0004395604071813      0.0000099800273753
     23.9712189010815315             1      1.0000000000000000      1.0000000000000000      1.0000000000000000      0.0000000196685601      0.0316380371177943      0.0816425575531800      0.0004216311669190      0.0000099864086795
     24.0106485361249682             1      1.0000000000000000      1.0000000000000000      1.0000000000000000      0.0000000197222846      0.0317217146718834      0.0816588291673116      0.0004037188866791      0.0000099930218635
     24.0500782646944167             1      1.0000000000000000      1.0000000000000000      1.0000000000000000      0.0000000197758125      0.0318050718534877      0.0816743948428258      0.0003858214564183      0.0000099998671791
     24.0895080866753339             1      1.0000000000000000      1.0000000000000000      1.0000000000000000      0.0000000198291432      0.0318881075175468      0.0816892551327021      0.0003679375899283      0.0000100069449382
     24.1289380037029666             1      1.0000000000000000      1.0000000000000000      1.0000000000000000      0.0000000198822757      0.0319708205189914      0.0817034105580484      0.0003500670110559      0.0000100142554942
     24.1683680174889588             1      1.0000000000000000      1.0000000000000000      1.0000000000000000      0.0000000199352093      0.0320532097079278      0.0817168616470539      0.0003322102373301      0.0000100217992212
     24.2077981275666687             1      1.0000000000000000      1.0000000000000000      1.0000000000000000      0.0000000199879430      0.0321352739396909      0.0817296089553583      0.0003143679418378      0.0000100295765052
     24.2472283360499112             1      1.0000000000000000      1.0000000000000000      1.0000000000000000      0.0000000200404761      0.0322170120463904      0.0817416530552174      0.0002965403024681      0.0000100375877448
     24.2866586338744419             1      1.0000000000000000      1.0000000000000000      1.0000000000000000      0.0000000200928076      0.0322984228651849      0.0817529945115098      0.0002787267621015      0.0000100458333683
     24.3260890142954551             1      1.0000000000000000      1.0000000000000000      1.0000000000000000      0.0000000201449368      0.0323795052422847      0.0817636338563105      0.0002609261355906      0.0000100543138479
     24.3655194749701529             1      1.0000000000000000      1.0000000000000000      1.0000000000000000      0.0000000201968627      0.0324602580263563      0.0817735715675893      0.0002431370662775      0.0000100630297087
     24.4049500149782475             1      1.0000000000000000      1.0000000000000000      1.0000000000000000      0.0000000202485846      0.0325406800714837      0.0817828080782207      0.0002253586888523      0.0000100719815256
     24.4443806364826948             1      1.0000000000000000      1.0000000000000000      1.0000000000000000      0.0000000203001016      0.0326207702326915      0.0817913438026333      0.0002075910148652      0.0000100811699082
     24.4838113427025128             1      1.0000000000000000      1.0000000000000000      1.0000000000000000      0.0000000203514128      0.0327005273667063      0.0817991791737978      0.0001898348261688      0.0000100905954823
     24.5232421383261645             1      1.0000000000000000      1.0000000000000000      1.0000000000000000      0.0000000204025175      0.0327799503275757      0.0818063146597956      0.0001720908882818      0.0000101002588801
     24.5626730272873495             1      1.0000000000000000      1.0000000000000000      1.0000000000000000      0.0000000204534148      0.0328590379669609      0.0818127507491574      0.0001543595337563      0.0000101101607487
     24.6021040128204227             1      1.0000000000000000      1.0000000000000000      1.0000000000000000      0.0000000205041037      0.0329377891317431      0.0818184879393801      0.0001366410633978      0.0000101203017548
     24.6415350962185116             1      1.0000000000000000      1.0000000000000000      1.0000000000000000      0.0000000205545836      0.0330162026630107      0.0818235267447416      0.0001189360363843      0.0000101306825811
     24.6809662762601043             1      1.0000000000000000      1.0000000000000000      1.0000000000000000      0.0000000206048535      0.0330942774007585      0.0818278677052757      0.0001012451478286      0.0000101413039225
     24.7203975514815077             1      1.0000000000000000      1.0000000000000000      1.0000000000000000      0.0000000206549126      0.0331720121890076      0.0818315113841205      0.0000835685914674      0.0000101521664878
     24.7598289227097084             1      1.0000000000000000      1.0000000000000000      1.0000000000000000      0.0000000207047600      0.0332494058712378      0.0818344583353020      0.0000659059022957      0.0000101632710164
     24.7992603907756326             1      1.0000000000000000      1.0000000000000000      1.0000000000000000      0.0000000207543949      0.0333264572897213      0.0818367090883824      0.0000482562800907      0.0000101746182859
     24.8386919562462261             1      1.0000000000000000      1.0000000000000000      1.0000000000000000      0.0000000208038164      0.0334031652838412      0.0818382641325641      0.0000306184273281      0.0000101862091201
     24.8781236186706884             1      1.0000000000000000      1.0000000000000000      1.0000000000000000      0.0000000208530237      0.0334795286918788      0.0818391238958825      0.0000129906346536      0.0000101980444007
     24.9175553776599159             1      1.0000000000000000      1.0000000000000000      1.0000000000000000      0.0000000209020160      0.0335555463549311      0.0818392887354384     -0.0000046289500204      0.0000102101250730
     24.9569872351524147             1      1.0000000000000000      1.0000000000000000      1.0000000000000000      0.0000000209507923      0.0336312171119702      0.0818387589348347     -0.0000222421503626      0.0000102224521468
     24.9964191931317892             1      1.0000000000000000      1.0000000000000000      1.0000000000000000      0.0000000209993518      0.0337065397940468      0.0818375347075557     -0.0000398507300767      0.0000102350266939
     25.0358512508266635             1      1.0000000000000000      1.0000000000000000      1.0000000000000000      0.0000000210476937      0.0337815132281211      0.0818356161978362     -0.0000574564251106      0.0000102478498490
     25.0752834068983574             1      1.0000000000000000      1.0000000000000000      1.0000000000000000      0.0000000210958172      0.0338561362413516      0.0818330034835187     -0.0000750608159103      0.0000102609228086
     25.1147156619248975             1      1.0000000000000000      1.0000000000000000      1.0000000000000000      0.0000000211437212      0.0339304076541514      0.0818296965868378     -0.0000926650653780      0.0000102742468254
     25.1541480149559504             1      1.0000000000000000      1.0000000000000000      1.0000000000000000      0.0000000211914050      0.0340043262815398      0.0818256954968046     -0.0001102696484824      0.0000102878231963
     25.1935804643490826             1      1.0000000000000000      1.0000000000000000      1.0000000000000000      0.0000000212388678      0.0340778909384829      0.0818210001980237     -0.0001278743625186      0.0000103016532491
     25.2330130106844521             1      1.0000000000000000      1.0000000000000000      1.0000000000000000      0.0000000212861085      0.0341511004370867      0.0818156106937085     -0.0001454784773757      0.0000103157383296
     25.2724456552787942             1      1.0000000000000000      1.0000000000000000      1.0000000000000000      0.0000000213331264      0.0342239535840216      0.0818095270242808     -0.0001630809062458      0.0000103300797921
     25.3118783987131692             1      1.0000000000000000      1.0000000000000000      1.0000000000000000      0.0000000213799206      0.0342964491785075      0.0818027492757912     -0.0001806805338881      0.0000103446789944
     25.3513112395783935             1      1.0000000000000000      1.0000000000000000      1.0000000000000000      0.0000000214264903      0.0343685860153842      0.0817952775719086     -0.0001982767422523      0.0000103595373029
     25.3907441759690897             1      1.0000000000000000      1.0000000000000000      1.0000000000000000      0.0000000214728344      0.0344403628865139      0.0817871120437880     -0.0002158698027377      0.0000103746561089
     25.4301772061696063             1      1.0000000000000000      1.0000000000000000      1.0000000000000000      0.0000000215189522      0.0345117785813577      0.0817782527944702     -0.0002334608001468      0.0000103900368476
     25.4696103290199467             1      1.0000000000000000      1.0000000000000000      1.0000000000000000      0.0000000215648427      0.0345828318883394      0.0817686998732606     -0.0002510512230306      0.0000104056810126
     25.5090435448363451             1      1.0000000000000000      1.0000000000000000      1.0000000000000000      0.0000000216105051      0.0346535215954214      0.0817584532699372     -0.0002686424586938      0.0000104215901596
     25.5484768559725133             1      1.0000000000000000      1.0000000000000000      1.0000000000000000      0.0000000216559385      0.0347238464832367      0.0817475129266028     -0.0002862355472414      0.0000104377658990
     25.5879102631993867             1      1.0000000000000000      1.0000000000000000      1.0000000000000000      0.0000000217011419      0.0347938053217577      0.0817358787531501     -0.0003038310933111      0.0000104542098884
     25.6273437639228732             1      1.0000000000000000      1.0000000000000000      1.0000000000000000      0.0000000217461146      0.0348633968820291      0.0817235506435015     -0.0003214293191427      0.0000104709238254
     25.6667773588442358             1      1.0000000000000000      1.0000000000000000      1.0000000000000000      0.0000000217908555      0.0349326199322700      0.0817105284863389     -0.0003390303048629      0.0000104879094422
     25.7062110498534757             1      1.0000000000000000      1.0000000000000000      1.0000000000000000      0.0000000218353638      0.0350014732390408      0.0816968121641588     -0.0003566343850887      0.0000105051685063
     25.7456448407456442             1      1.0000000000000000      1.0000000000000000      1.0000000000000000      0.0000000218796387      0.0350699555529061      0.0816824015359791     -0.0003742426191593      0.0000105227028283
     25.7850787290446917             1      1.0000000000000000      1.0000000000000000      1.0000000000000000      0.0000000219236790      0.0351380656198528      0.0816672964019305     -0.0003918568803690      0.0000105405142831
     25.8245127126080760             1      1.0000000000000000      1.0000000000000000      1.0000000000000000      0.0000000219674841      0.0352058021797122      0.0816514964781386     -0.0004094793886818      0.0000105586048239
     25.8639467889720116             1      1.0000000000000000      1.0000000000000000      1.0000000000000000      0.0000000220110528      0.0352731639699907      0.0816350013950533     -0.0004271121045701      0.0000105769764846
     25.9033809578941145             1      1.0000000000000000      1.0000000000000000      1.0000000000000000      0.0000000220543844      0.0353401497254241      0.0816178107156513     -0.0004447563984075      0.0000105956313703
     25.9428152214210535             1      1.0000000000000000      1.0000000000000000      1.0000000000000000      0.0000000220974779      0.0354067581746417      0.0815999239624250     -0.0004624129017264      0.0000106145716433
     25.9822495821581256             1      1.0000000000000000      1.0000000000000000      1.0000000000000000      0.0000000221403323      0.0354729879755574      0.0815813406669848     -0.0004800814153622      0.0000106337994874
     26.0216840047877547             1      1.0000000000000000      1.0000000000000000      1.0000000000000000      0.0000000221829468      0.0355388378392722      0.0815620603688342     -0.0004977609789645      0.0000106533171267
     26.0611184893517169             1      1.0000000000000000      1.0000000000000000      1.0000000000000000      0.0000000222253202      0.0356043064026253      0.0815420826790130     -0.0005154500607007      0.0000106731267734
     26.1005529951439748             1      1.0000000000000000      1.0000000000000000      1.0000000000000000      0.0000000222674516      0.0356693921894933      0.0815214073110839     -0.0005331469736173      0.0000106932306062
     26.1399874157705767             1      1.0000000000000000      1.0000000000000000      1.0000000000000000      0.0000000223093400      0.0357340938955579      0.0815000339876997     -0.0005508504203081      0.0000107136308602
     26.1794217510251599             1      1.0000000000000000      1.0000000000000000      1.0000000000000000      0.0000000223509844      0.0357984102094637      0.0814779624703839     -0.0005685598374775      0.0000107343297862
     26.2188559998934068             1      1.0000000000000000      1.0000000000000000      1.0000000000000000      0.0000000223923840      0.0358623398143003      0.0814551925241614     -0.0005862756561368      0.0000107553296712
     26.2582901613680484             1      1.0000000000000000      1.0000000000000000      1.0000000000000000      0.0000000224335377      0.0359258813896364      0.0814317238755775     -0.0006039993305621      0.0000107766328622
     26.2977242357822938             1      1.0000000000000000      1.0000000000000000      1.0000000000000000      0.0000000224744446      0.0359890335674470      0.0814075561925601     -0.0006217331049426      0.0000107982417723
     26.3371581974630615             1      1.0000000000000000      1.0000000000000000      1.0000000000000000      0.0000000225151038      0.0360517949926854      0.0813826890380301     -0.0006394796460245      0.0000108201589155
     26.3765920324297412             1      1.0000000000000000      1.0000000000000000      1.0000000000000000      0.0000000225555141      0.0361141643237374      0.0813571218608235     -0.0006572415612291      0.0000108423869128
     26.4160257394421194             1      1.0000000000000000      1.0000000000000000      1.0000000000000000      0.0000000225956747      0.0361761402115179      0.0813308540149084     -0.0006750209729576      0.0000108649284798
     26.4554593174472359             1      1.0000000000000000      1.0000000000000000      1.0000000000000000      0.0000000226355846      0.0362377212997568      0.0813038847828379     -0.0006928193594791      0.0000108877864154
     26.4948927660826961             1      1.0000000000000000      1.0000000000000000      1.0000000000000000      0.0000000226752428      0.0362989062250821      0.0812762133999658     -0.0007106376516811      0.0000109109635885
     26.5343260859707222             1      1.0000000000000000      1.0000000000000000      1.0000000000000000      0.0000000227146483      0.0363596936171634      0.0812478390712582     -0.0007284764951720      0.0000109344629302
     26.5737592789798249             1      1.0000000000000000      1.0000000000000000      1.0000000000000000      0.0000000227538001      0.0364200820993454      0.0812187609762643     -0.0007463365086831      0.0000109582874315
     26.6131923487732500             1      1.0000000000000000      1.0000000000000000      1.0000000000000000      0.0000000227926973      0.0364800702850244      0.0811889782676529     -0.0007642185115786      0.0000109824401451
     26.6526252985687471             1      1.0000000000000000      1.0000000000000000      1.0000000000000000      0.0000000228313388      0.0365396567705782      0.0811584900631978     -0.0007821236304455      0.0000110069241895
     26.6920581265491812             1      1.0000000000000000      1.0000000000000000      1.0000000000000000      0.0000000228697236      0.0365988401387154      0.0811272954347454     -0.0008000530973357      0.0000110317427574
     26.7314908280974066             1      1.0000000000000000      1.0000000000000000      1.0000000000000000      0.0000000229078507      0.0366576189662313      0.0810953934079745     -0.0008180077887049      0.0000110568991172
     26.7709234011030297             1      1.0000000000000000      1.0000000000000000      1.0000000000000000      0.0000000229457191      0.0367159918236600      0.0810627829858547     -0.0008359878252493      0.0000110823966010
     26.8103558459398386             1      1.0000000000000000      1.0000000000000000      1.0000000000000000      0.0000000229833277      0.0367739572731456      0.0810294631823111     -0.0008539925059184      0.0000111082385865
     26.8497881641097216             1      1.0000000000000000      1.0000000000000000      1.0000000000000000      0.0000000230206756      0.0368315138666504      0.0809954330530925     -0.0008720204743629      0.0000111344284791
     26.8892203569309629             1      1.0000000000000000      1.0000000000000000      1.0000000000000000      0.0000000230577616      0.0368886601454635      0.0809606917163312     -0.0008900700692394      0.0000111609697010
     26.9286524249689592             1      1.0000000000000000      1.0000000000000000      1.0000000000000000      0.0000000230945847      0.0369453946405624      0.0809252383549693     -0.0009081398440653      0.0000111878656906
     26.9680843679907305             1      1.0000000000000000      1.0000000000000000      1.0000000000000000      0.0000000231311439      0.0370017158734793      0.0808890721979881     -0.0009262290088265      0.0000112151199136
     27.0075161853114203             1      1.0000000000000000      1.0000000000000000      1.0000000000000000      0.0000000231674380      0.0370576223577302      0.0808521924895108     -0.0009443375522050      0.0000112427358818
     27.0469478766625961             1      1.0000000000000000      1.0000000000000000      1.0000000000000000      0.0000000232034662      0.0371131125991811      0.0808145984597436     -0.0009624661073579      0.0000112707171712
     27.0863794424718805             1      1.0000000000000000      1.0000000000000000      1.0000000000000000      0.0000000232392272      0.0371681850951854      0.0807762893031031     -0.0009806158411372      0.0000112990674352
     27.1258108833815150             1      1.0000000000000000      1.0000000000000000      1.0000000000000000      0.0000000232747200      0.0372228383342215      0.0807372641589010     -0.0009987882976470      0.0000113277904179
     27.1652422001969747             1      1.0000000000000000      1.0000000000000000      1.0000000000000000      0.0000000233099435      0.0372770707954795      0.0806975221027559     -0.0010169850599304      0.0000113568899600
     27.2046733938581369             1      1.0000000000000000      1.0000000000000000      1.0000000000000000      0.0000000233448967      0.0373308809479495      0.0806570621528314     -0.0010352073804768      0.0000113863699967
     27.2441044650481032             1      1.0000000000000000      1.0000000000000000      1.0000000000000000      0.0000000233795784      0.0373842672497095      0.0806158832886892     -0.0010534559864645      0.0000114162345482
     27.2835354138747448             1      1.0000000000000000      1.0000000000000000      1.0000000000000000      0.0000000234139876      0.0374372281480512      0.0805739844706641     -0.0010717312274378      0.0000114464877094
     27.3229662400734590             1      1.0000000000000000      1.0000000000000000      1.0000000000000000      0.0000000234481231      0.0374897620797186      0.0805313646484385     -0.0010900333682445      0.0000114771336464
     27.3623969432403022             1      1.0000000000000000      1.0000000000000000      1.0000000000000000      0.0000000234819838      0.0375418674713285      0.0804880227597888     -0.0011083627539363      0.0000115081765982
     27.4018275231999446             1      1.0000000000000000      1.0000000000000000      1.0000000000000000      0.0000000235155687      0.0375935427396761      0.0804439577262500     -0.0011267198230198      0.0000115396208812
     27.4412579803176442             1      1.0000000000000000      1.0000000000000000      1.0000000000000000      0.0000000235488765      0.0376447862914476      0.0803991684507277     -0.0011451050272338      0.0000115714708916
     27.4806883153865478             1      1.0000000000000000      1.0000000000000000      1.0000000000000000      0.0000000235819061      0.0376955965225295      0.0803536538191105     -0.0011635187805000      0.0000116037311057
     27.5201185291980650             1      1.0000000000000000      1.0000000000000000      1.0000000000000000      0.0000000236146565      0.0377459718175709      0.0803074127019595     -0.0011819614532168      0.0000116364060808
     27.5595486222835895             1      1.0000000000000000      1.0000000000000000      1.0000000000000000      0.0000000236471264      0.0377959105496051      0.0802604439571502     -0.0012004333360833      0.0000116695004547
     27.5989785946824355             1      1.0000000000000000      1.0000000000000000      1.0000000000000000      0.0000000236793147      0.0378454110802873      0.0802127464327264     -0.0012189346886880      0.0000117030189454
     27.6384084461767365             1      1.0000000000000000      1.0000000000000000      1.0000000000000000      0.0000000237112203      0.0378944717604626      0.0801643189647773     -0.0012374658757936      0.0000117369663544
     27.6778381768022044             1      1.0000000000000000      1.0000000000000000      1.0000000000000000      0.0000000237428420      0.0379430909304244      0.0801151603709069     -0.0012560274377480      0.0000117713475717
     27.7172677871549560             1      1.0000000000000000      1.0000000000000000      1.0000000000000000      0.0000000237741786      0.0379912669194406      0.0800652694434423     -0.0012746200944426      0.0000118061675823
     27.7566972781466497             1      1.0000000000000000      1.0000000000000000      1.0000000000000000      0.0000000238052289      0.0380389980448737      0.0800146449431046     -0.0012932447418024      0.0000118414314711
     27.7961266504458777             1      1.0000000000000000      1.0000000000000000      1.0000000000000000      0.0000000238359918      0.0380862826115180      0.0799632855932081     -0.0013119023923159      0.0000118771444288
     27.8355559041027369             1      1.0000000000000000      1.0000000000000000      1.0000000000000000      0.0000000238664659      0.0381331189114018      0.0799111900773755     -0.0013305940567273      0.0000119133117554
     27.8749850385684823             1      1.0000000000000000      1.0000000000000000      1.0000000000000000      0.0000000238966503      0.0381795052238898      0.0798583570415751     -0.0013493206338253      0.0000119499388605
     27.9144140529724432             1      1.0000000000000000      1.0000000000000000      1.0000000000000000      0.0000000239265435      0.0382254398159113      0.0798047850998739     -0.0013680828226239      0.0000119870312621
     27.9538429465022240             1      1.0000000000000000      1.0000000000000000      1.0000000000000000      0.0000000239561445      0.0382709209420387      0.0797504728431251     -0.0013868810851269      0.0000120245945835
     27.9932717186361657             1      1.0000000000000000      1.0000000000000000      1.0000000000000000      0.0000000239854520      0.0383159468443654      0.0796954188478530     -0.0014057156839779      0.0000120626345491
     28.0327003691681043             1      1.0000000000000000      1.0000000000000000      1.0000000000000000      0.0000000240144647      0.0383605157524101      0.0796396216824998     -0.0014245867703818      0.0000121011569830
     28.0721288982175423             1      1.0000000000000000      1.0000000000000000      1.0000000000000000      0.0000000240431814      0.0384046258830395      0.0795830799096879     -0.0014434944928752      0.0000121401678093
     28.1115573062366089             1      1.0000000000000000      1.0000000000000000      1.0000000000000000      0.0000000240716008      0.0384482754402849      0.0795257920844155     -0.0014624390878962      0.0000121796730549
     28.1509855939220763             1      1.0000000000000000      1.0000000000000000      1.0000000000000000      0.0000000240997217      0.0384914626151316      0.0794677567496202     -0.0014814209234086      0.0000122196788554
     28.1904137621174016             1      1.0000000000000000      1.0000000000000000      1.0000000000000000      0.0000000241275429      0.0385341855853789      0.0794089724306987     -0.0015004405092233      0.0000122601914596
     28.2298418118038157             1      1.0000000000000000      1.0000000000000000      1.0000000000000000      0.0000000241550630      0.0385764425156139      0.0793494376297892     -0.0015194984878730      0.0000123012172365
     28.2692697442299448             1      1.0000000000000000      1.0000000000000000      1.0000000000000000      0.0000000241822808      0.0386182315568871      0.0792891508212673     -0.0015385955955109      0.0000123427626801
     28.3086975607977180             1      1.0000000000000000      1.0000000000000000      1.0000000000000000      0.0000000242091949      0.0386595508460815      0.0792281104500017     -0.0015577325842721      0.0000123848344131
     28.3481252626680593             1      1.0000000000000000      1.0000000000000000      1.0000000000000000      0.0000000242358041      0.0387003985054613      0.0791663149330128     -0.0015769101266548      0.0000124274391887
     28.3875528505187127             1      1.0000000000000000      1.0000000000000000      1.0000000000000000      0.0000000242621071      0.0387407726425151      0.0791037626642683     -0.0015961287441057      0.0000124705838896
     28.4269803245576362             1      1.0000000000000000      1.0000000000000000      1.0000000000000000      0.0000000242881025      0.0387806713499111      0.0790404520211427     -0.0016153887923082      0.0000125142755270
     28.4664076846160370             1      1.0000000000000000      1.0000000000000000      1.0000000000000000      0.0000000243137890      0.0388200927055830      0.0789763813700725     -0.0016346905027113      0.0000125585212391
     28.5058349303439620             1      1.0000000000000000      1.0000000000000000      1.0000000000000000      0.0000000243391653      0.0388590347729274      0.0789115490695631     -0.0016540340617574      0.0000126033282919
     28.5452620615065555             1      1.0000000000000000      1.0000000000000000      1.0000000000000000      0.0000000243642300      0.0388974956009839      0.0788459534695769     -0.0016734197086733      0.0000126487040823
     28.5846890782779077             1      1.0000000000000000      1.0000000000000000      1.0000000000000000      0.0000000243889818      0.0389354732243834      0.0787795929073725     -0.0016928478262973      0.0000126946561438
     28.6241159813302275             1      1.0000000000000000      1.0000000000000000      1.0000000000000000      0.0000000244134192      0.0389729656629228      0.0787124657008849     -0.0017123189997687      0.0000127411921535
     28.6635427715717377             1      1.0000000000000000      1.0000000000000000      1.0000000000000000      0.0000000244375410      0.0390099709210422      0.0786445701407485     -0.0017318340357018      0.0000127883199411
     28.7029694498118886             1      1.0000000000000000      1.0000000000000000      1.0000000000000000      0.0000000244613458      0.0390464869874291      0.0785759044821071     -0.0017513939364348      0.0000128360474970
     28.7423960165952828             1      1.0000000000000000      1.0000000000000000      1.0000000000000000      0.0000000244848321      0.0390825118346812      0.0785064669382781     -0.0017709998260031      0.0000128843829808
     28.7818224721367599             1      1.0000000000000000      1.0000000000000000      1.0000000000000000      0.0000000245079985      0.0391180434190771      0.0784362556777912     -0.0017906528471865      0.0000129333347267
     28.8212488164042782             1      1.0000000000000000      1.0000000000000000      1.0000000000000000      0.0000000245308437      0.0391530796804102      0.0783652688254549     -0.0018103540598975      0.0000129829112464
     28.8606750492871136             1      1.0000000000000000      1.0000000000000000      1.0000000000000000      0.0000000245533661      0.0391876185417559      0.0782935044671036     -0.0018301043687769      0.0000130331212297
     28.9001011706823299             1      1.0000000000000000      1.0000000000000000      1.0000000000000000      0.0000000245755645      0.0392216579092391      0.0782209606563908     -0.0018499044966140      0.0000130839735439
     28.9395271805499092             1      1.0000000000000000      1.0000000000000000      1.0000000000000000      0.0000000245974372      0.0392551956717894      0.0781476354217163     -0.0018697550099992      0.0000131354772324
     28.9789530789118537             1      1.0000000000000000      1.0000000000000000      1.0000000000000000      0.0000000246189829      0.0392882297009607      0.0780735267711433     -0.0018896563849225      0.0000131876415156
     29.0183788658897619             1      1.0000000000000000      1.0000000000000000      1.0000000000000000      0.0000000246402002      0.0393207578508690      0.0779986326941395     -0.0019096090817279      0.0000132404757932
     29.0578045418676751             1      1.0000000000000000      1.0000000000000000      1.0000000000000000      0.0000000246610874      0.0393527779579062      0.0779229511610572     -0.0019296136066359      0.0000132939896487
     29.0972301073917698             1      1.0000000000000000      1.0000000000000000      1.0000000000000000      0.0000000246816432      0.0393842878405346      0.0778464801203471     -0.0019496705557749      0.0000133481928559
     29.1366555631801489             1      1.0000000000000000      1.0000000000000000      1.0000000000000000      0.0000000247018660      0.0394152852990669      0.0777692174942854     -0.0019697806473632      0.0000134030953854
     29.1760809101436180             1      1.0000000000000000      1.0000000000000000      1.0000000000000000      0.0000000247217543      0.0394457681154822      0.0776911611735535     -0.0019899447309428      0.0000134587074140
     29.2155061494975712             1      1.0000000000000000      1.0000000000000000      1.0000000000000000      0.0000000247413067      0.0394757340528600      0.0776123090131070     -0.0020101637580489      0.0000135150393317
     29.2549312824205998             1      1.0000000000000000      1.0000000000000000      1.0000000000000000      0.0000000247605214      0.0395051808547592      0.0775326588300330     -0.0020304387257836      0.0000135721017483
     29.2943563096391522             1      1.0000000000000000      1.0000000000000000      1.0000000000000000      0.0000000247793971      0.0395341062451293      0.0774522084025465     -0.0020507706043657      0.0000136299054994
     29.3337812317152995             1      1.0000000000000000      1.0000000000000000      1.0000000000000000      0.0000000247979322      0.0395625079281885      0.0773709554720859     -0.0020711602582357      0.0000136884616501
     29.3732060493160994             1      1.0000000000000000      1.0000000000000000      1.0000000000000000      0.0000000248161250      0.0395903835881651      0.0772888977486547     -0.0020916083874981      0.0000137477814959
     29.4126307632879218             1      1.0000000000000000      1.0000000000000000      1.0000000000000000      0.0000000248339741      0.0396177308888240      0.0772060329185500     -0.0021121154999430      0.0000138078765628
     29.4520553743763251             1      1.0000000000000000      1.0000000000000000      1.0000000000000000      0.0000000248514777      0.0396445474730885      0.0771223586525419     -0.0021326819163843      0.0000138687586064
     29.4914798829948914             1      1.0000000000000000      1.0000000000000000      1.0000000000000000      0.0000000248686343      0.0396708309629653      0.0770378726120129     -0.0021533078415090      0.0000139304396127
     29.5309042893665215             1      1.0000000000000000      1.0000000000000000      1.0000000000000000      0.0000000248854423      0.0396965789597223      0.0769525724500146     -0.0021739934938701      0.0000139929318024
     29.5703285940384752             1      1.0000000000000000      1.0000000000000000      1.0000000000000000      0.0000000249019000      0.0397217890436836      0.0768664558080467     -0.0021947392330580      0.0000140562476395
     29.6097527978706729             1      1.0000000000000000      1.0000000000000000      1.0000000000000000      0.0000000249180058      0.0397464587737204      0.0767795203095345     -0.0022155456439418      0.0000141203998415
     29.6491769015912645             1      1.0000000000000000      1.0000000000000000      1.0000000000000000      0.0000000249337580      0.0397705856867871      0.0766917635509178     -0.0022364135591516      0.0000141854013930
     29.6886009054564930             1      1.0000000000000000      1.0000000000000000      1.0000000000000000      0.0000000249491550      0.0397941672977105      0.0766031830921311     -0.0022573440187451      0.0000142512655589
     29.7280248093929167             1      1.0000000000000000      1.0000000000000000      1.0000000000000000      0.0000000249641950      0.0398172010991336      0.0765137764487696     -0.0022783381858930      0.0000143180058977
     29.7674486135171890             1      1.0000000000000000      1.0000000000000000      1.0000000000000000      0.0000000249788763      0.0398396845612995      0.0764235410885320     -0.0022993972300889      0.0000143856362715
     29.8068723185028226             1      1.0000000000000000      1.0000000000000000      1.0000000000000000      0.0000000249931973      0.0398616151314169      0.0763324744341170     -0.0023205222124636      0.0000144541708508
     29.8462959252531022             1      1.0000000000000000      1.0000000000000000      1.0000000000000000      0.0000000250071562      0.0398829902330410      0.0762405738697937     -0.0023417140394882      0.0000145236241172
     29.8857194345129749             1      1.0000000000000000      1.0000000000000000      1.0000000000000000      0.0000000250207513      0.0399038072660082      0.0761478367457775     -0.0023629735019453      0.0000145940108674
     29.9251428474223218             1      1.0000000000000000      1.0000000000000000      1.0000000000000000      0.0000000250339807      0.0399240636061271      0.0760542603810259     -0.0023843013482174      0.0000146653462191
     29.9645661656387006             1      1.0000000000000000      1.0000000000000000      1.0000000000000000      0.0000000250468428      0.0399437566044005      0.0759598420653556     -0.0024056983603413      0.0000147376456168
     30.0039893905183455             1      1.0000000000000000      1.0000000000000000      1.0000000000000000      0.0000000250593356      0.0399628835860419      0.0758645790602284     -0.0024271653991221      0.0000148109248399
     30.0434125217472783             1      1.0000000000000000      1.0000000000000000      1.0000000000000000      0.0000000250714575      0.0399814418505478      0.0757684685939433     -0.0024487034056492      0.0000148852000150
     30.0828355580414097             1      1.0000000000000000      1.0000000000000000      1.0000000000000000      0.0000000250832066      0.0399994286722546      0.0756715078541860     -0.0024703133635204      0.0000149604876305
     30.1222584991101670             1      1.0000000000000000      1.0000000000000000      1.0000000000000000      0.0000000250945811      0.0400168413001712      0.0755736939860676     -0.0024919962046885      0.0000150368045475
     30.1616813463788773             1      1.0000000000000000      1.0000000000000000      1.0000000000000000      0.0000000251055790      0.0400336769566616      0.0754750241008655     -0.0025137527142332      0.0000151141680020
     30.2011041011080970             1      1.0000000000000000      1.0000000000000000      1.0000000000000000      0.0000000251161986      0.0400499328370724      0.0753754952825697     -0.0025355835277081      0.0000151925956094
     30.2405267643716407             1      1.0000000000000000      1.0000000000000000      1.0000000000000000      0.0000000251264378      0.0400656061095589      0.0752751045912786     -0.0025574892183073      0.0000152721053711
     30.2799493374666824             1      1.0000000000000000      1.0000000000000000      1.0000000000000000      0.0000000251362950      0.0400806939148154      0.0751738490625655     -0.0025794704360288      0.0000153527156850
     30.3193718221449551             1      1.0000000000000000      1.0000000000000000      1.0000000000000000      0.0000000251457680      0.0400951933653522      0.0750717257038259     -0.0026015280396700      0.0000154344453589
     30.3587942197059597             1      1.0000000000000000      1.0000000000000000      1.0000000000000000      0.0000000251548550      0.0401091015446735      0.0749687314878048     -0.0026236631602313      0.0000155173136275
     30.3982165297288596             1      1.0000000000000000      1.0000000000000000      1.0000000000000000      0.0000000251635541      0.0401224155071535      0.0748648633412484     -0.0026458770636576      0.0000156013401731
     30.4376387507670145             1      1.0000000000000000      1.0000000000000000      1.0000000000000000      0.0000000251718631      0.0401351322783616      0.0747601181372360     -0.0026681710446179      0.0000156865451437
     30.4770608827870326             1      1.0000000000000000      1.0000000000000000      1.0000000000000000      0.0000000251797802      0.0401472488541199      0.0746544926963134     -0.0026905463689375      0.0000157729491650
     30.5164829261586377             1      1.0000000000000000      1.0000000000000000      1.0000000000000000      0.0000000251873033      0.0401587621999589      0.0745479837903788     -0.0027130041763957      0.0000158605733494
     30.5559048817247678             1      1.0000000000000000      1.0000000000000000      1.0000000000000000      0.0000000251944305      0.0401696692506676      0.0744405881464222     -0.0027355454908218      0.0000159494393059
     30.5953267511633875             1      1.0000000000000000      1.0000000000000000      1.0000000000000000      0.0000000252011595      0.0401799669095439      0.0743323024523477     -0.0027581712872215      0.0000160395691486
     30.6347485362306493             1      1.0000000000000000      1.0000000000000000      1.0000000000000000      0.0000000252074885      0.0401896520477002      0.0742231233598019     -0.0027808825117556      0.0000161309855077
     30.6741702379149430             1      1.0000000000000000      1.0000000000000000      1.0000000000000000      0.0000000252134152      0.0401987215039400      0.0741130474830908     -0.0028036800091803      0.0000162237115443
     30.7135918578102540             1      1.0000000000000000      1.0000000000000000      1.0000000000000000      0.0000000252189376      0.0402071720839628      0.0740020714087112     -0.0028265644009368      0.0000163177709567
     30.7530133967762218             1      1.0000000000000000      1.0000000000000000      1.0000000000000000      0.0000000252240536      0.0402150005597099      0.0738901917094510     -0.0028495361650601      0.0000164131879823
     30.7924348534491727             1      1.0000000000000000      1.0000000000000000      1.0000000000000000      0.0000000252287609      0.0402222036697663      0.0737774049337610     -0.0028725959140130      0.0000165099874213
     30.8318562278581361             1      1.0000000000000000      1.0000000000000000      1.0000000000000000      0.0000000252330575      0.0402287781189492      0.0736637075948636     -0.0028957444824220      0.0000166081946626
     30.8712775223047835             1      1.0000000000000000      1.0000000000000000      1.0000000000000000      0.0000000252369411      0.0402347205773189      0.0735490961692377     -0.0029189828370635      0.0000167078357019
     30.9106987392254737             1      1.0000000000000000      1.0000000000000000      1.0000000000000000      0.0000000252404095      0.0402400276792557      0.0734335671024359     -0.0029423119754782      0.0000168089371541
     30.9501198782530800             1      1.0000000000000000      1.0000000000000000      1.0000000000000000      0.0000000252434605      0.0402446960236837      0.0733171167930393     -0.0029657329999192      0.0000169115262847
     30.9895409412567489             1      1.0000000000000000      1.0000000000000000      1.0000000000000000      0.0000000252460918      0.0402487221729132      0.0731997415984960     -0.0029892471310418      0.0000170156310240
     31.0289619282306255             1      1.0000000000000000      1.0000000000000000      1.0000000000000000      0.0000000252483011      0.0402521026523672      0.0730814378257771     -0.0030128555812626      0.0000171212799942
     31.0683828398679829             1      1.0000000000000000      1.0000000000000000      1.0000000000000000      0.0000000252500862      0.0402548339499048      0.0729622017328974     -0.0030365594498380      0.0000172285025278
     31.1078036777789855             1      1.0000000000000000      1.0000000000000000      1.0000000000000000      0.0000000252514447      0.0402569125149956      0.0728420295430471     -0.0030603597739842      0.0000173373286751
     31.1472244415193700             1      1.0000000000000000      1.0000000000000000      1.0000000000000000      0.0000000252523742      0.0402583347583708      0.0727209174333563     -0.0030842576456465      0.0000174477892352
     31.1866451319988514             1      1.0000000000000000      1.0000000000000000      1.0000000000000000      0.0000000252528724      0.0402590970512964      0.0725988615282451     -0.0031082540866325      0.0000175599157836
     31.2260657532756198             1      1.0000000000000000      1.0000000000000000      1.0000000000000000      0.0000000252529369      0.0402591957247166      0.0724758579249027     -0.0031323500020710      0.0000176737406716
     31.2654863061451138             1      1.0000000000000000      1.0000000000000000      1.0000000000000000      0.0000000252525653      0.0402586270689554      0.0723519027005139     -0.0031565463642576      0.0000177892970413
     31.3049067862976180             1      1.0000000000000000      1.0000000000000000      1.0000000000000000      0.0000000252517550      0.0402573873332922      0.0722269918905585     -0.0031808442230180      0.0000179066188702
     31.3443271898222697             1      1.0000000000000000      1.0000000000000000      1.0000000000000000      0.0000000252505037      0.0402554727248565      0.0721011214661121     -0.0032052445691979      0.0000180257410174
     31.3837475203313225             1      1.0000000000000000      1.0000000000000000      1.0000000000000000      0.0000000252488088      0.0402528794077447      0.0719742873535965     -0.0032297484719765      0.0000181466992309
     31.4231677831990268             1      1.0000000000000000      1.0000000000000000      1.0000000000000000      0.0000000252466678      0.0402496035027143      0.0718464854456068     -0.0032543572379428      0.0000182695301648
     31.4625879795941259             1      1.0000000000000000      1.0000000000000000      1.0000000000000000      0.0000000252440781      0.0402456410865498      0.0717177115869372     -0.0032790722646062      0.0000183942714208
     31.5020081086157084             1      1.0000000000000000      1.0000000000000000      1.0000000000000000      0.0000000252410372      0.0402409881929672      0.0715879616136237     -0.0033038949928382      0.0000185209615385
     31.5414281552987106             1      1.0000000000000000      1.0000000000000000      1.0000000000000000      0.0000000252375425      0.0402356408093380      0.0714572312653958     -0.0033288269743012      0.0000186496401113
     31.5808481161849173             1      1.0000000000000000      1.0000000000000000      1.0000000000000000      0.0000000252335912      0.0402295948758566      0.0713255162037121     -0.0033538697067536      0.0000187803478008
     31.6202679929547728             1      1.0000000000000000      1.0000000000000000      1.0000000000000000      0.0000000252291809      0.0402228462853270      0.0711928120380963     -0.0033790244795112      0.0000189131263432
     31.6596877863102932             1      1.0000000000000000      1.0000000000000000      1.0000000000000000      0.0000000252243086      0.0402153908822602      0.0710591143304610     -0.0034042925383423      0.0000190480185774
     31.6991074967894058             1      1.0000000000000000      1.0000000000000000      1.0000000000000000      0.0000000252189718      0.0402072244620715      0.0709244185928917     -0.0034296751380622      0.0000191850684824
     31.7385271247017613             1      1.0000000000000000      1.0000000000000000      1.0000000000000000      0.0000000252131677      0.0401983427703324      0.0707887202927280     -0.0034551733731579      0.0000193243212066
     31.7779466698025814             1      1.0000000000000000      1.0000000000000000      1.0000000000000000      0.0000000252068934      0.0401887415019262      0.0706520148580574     -0.0034807882431985      0.0000194658230987
     31.8173661315674323             1      1.0000000000000000      1.0000000000000000      1.0000000000000000      0.0000000252001463      0.0401784163000081      0.0705142976748610     -0.0035065207969074      0.0000196096217483
     31.8567855101059543             1      1.0000000000000000      1.0000000000000000      1.0000000000000000      0.0000000251929233      0.0401673627549657      0.0703755640816551     -0.0035323722222819      0.0000197557660317
     31.8962048066287771             1      1.0000000000000000      1.0000000000000000      1.0000000000000000      0.0000000251852216      0.0401555764030586      0.0702358093579515     -0.0035583439286505      0.0000199043061655
     31.9356240246236283             1      1.0000000000000000      1.0000000000000000      1.0000000000000000      0.0000000251770384      0.0401430527260302      0.0700950287229796     -0.0035844375780103      0.0000200552937533
     31.9750431674384537             1      1.0000000000000000      1.0000000000000000      1.0000000000000000      0.0000000251683706      0.0401297871508526      0.0699532173342569     -0.0036106550432240      0.0000202087818328
     32.0144622360337081             1      1.0000000000000000      1.0000000000000000      1.0000000000000000      0.0000000251592153      0.0401157750491704      0.0698103702846848     -0.0036369982977613      0.0000203648249270
     32.0538812280785379             1      1.0000000000000000      1.0000000000000000      1.0000000000000000      0.0000000251495695      0.0401010117350688      0.0696664825890891     -0.0036634692079584      0.0000205234791078
     32.0933001415769468             1      1.0000000000000000      1.0000000000000000      1.0000000000000000      0.0000000251394300      0.0400854924636067      0.0695215491910008     -0.0036900692808832      0.0000206848020389
     32.1327189755927378             1      1.0000000000000000      1.0000000000000000      1.0000000000000000      0.0000000251287939      0.0400692124292924      0.0693755649763726     -0.0037167996166748      0.0000208488530110
     32.1721377310616248             1      1.0000000000000000      1.0000000000000000      1.0000000000000000      0.0000000251176579      0.0400521667645501      0.0692285247833498     -0.0037436610995851      0.0000210156929833
     32.2115564115745556             1      1.0000000000000000      1.0000000000000000      1.0000000000000000      0.0000000251060190      0.0400343505396527      0.0690804234156012     -0.0037706545913229      0.0000211853846232
     32.2509750208504968             1      1.0000000000000000      1.0000000000000000      1.0000000000000000      0.0000000250938739      0.0400157587621159      0.0689312556439059     -0.0037977810418578      0.0000213579923622
     32.2903935619039899             1      1.0000000000000000      1.0000000000000000      1.0000000000000000      0.0000000250812193      0.0399963863769622      0.0687810162125283     -0.0038250413593395      0.0000215335824473
     32.3298120345970332             1      1.0000000000000000      1.0000000000000000      1.0000000000000000      0.0000000250680521      0.0399762282650627      0.0686296998400606     -0.0038524361759112      0.0000217122230012
     32.3692304374193185             1      1.0000000000000000      1.0000000000000000      1.0000000000000000      0.0000000250543688      0.0399552792411399      0.0684773012212131     -0.0038799660895910      0.0000218939840812
     32.4086487695826051             1      1.0000000000000000      1.0000000000000000      1.0000000000000000      0.0000000250401661      0.0399335340523692      0.0683238150179164     -0.0039076318667690      0.0000220789377579
     32.4480670315738493             1      1.0000000000000000      1.0000000000000000      1.0000000000000000      0.0000000250254405      0.0399109873776236      0.0681692358586306     -0.0039354343401281      0.0000222671581845
     32.4874852243800234             1      1.0000000000000000      1.0000000000000000      1.0000000000000000      0.0000000250101888      0.0398876338260660      0.0680135583328207     -0.0039633745384091      0.0000224587216768
     32.5269033498780971             1      1.0000000000000000      1.0000000000000000      1.0000000000000000      0.0000000249944073      0.0398634679360667      0.0678567769802114     -0.0039914538589664      0.0000226537068032
     32.5663214105065677             1      1.0000000000000000      1.0000000000000000      1.0000000000000000      0.0000000249780925      0.0398384841743232      0.0676988862778122     -0.0040196741240877      0.0000228521944825
     32.6057394085036663             1      1.0000000000000000      1.0000000000000000      1.0000000000000000      0.0000000249612408      0.0398126769348553      0.0675398806265222     -0.0040480374750625      0.0000230542680867
     32.6451573452813477             1      1.0000000000000000      1.0000000000000000      1.0000000000000000      0.0000000249438487      0.0397860405377970      0.0673797543467919     -0.0040765459330072      0.0000232600135352
     32.6845752210586227             1      1.0000000000000000      1.0000000000000000      1.0000000000000000      0.0000000249259125      0.0397585692265036      0.0672185016857812     -0.0041052009443883      0.0000234695193746
     32.7239930369450391             1      1.0000000000000000      1.0000000000000000      1.0000000000000000      0.0000000249074284      0.0397302571663878      0.0670561168431051     -0.0041340035383971      0.0000236828768362
     32.7634107944326800             1      1.0000000000000000      1.0000000000000000      1.0000000000000000      0.0000000248883926      0.0397010984442512      0.0668925939810196     -0.0041629547895903      0.0000239001799178
     32.8028284944049204             1      1.0000000000000000      1.0000000000000000      1.0000000000000000      0.0000000248688015      0.0396710870684871      0.0667279272260187     -0.0041920559914226      0.0000241215254830
     32.8422461351316528             1      1.0000000000000000      1.0000000000000000      1.0000000000000000      0.0000000248486510      0.0396402169654964      0.0665621106459789     -0.0042213088452478      0.0000243470133982
     32.8816637152562450             1      1.0000000000000000      1.0000000000000000      1.0000000000000000      0.0000000248279374      0.0396084819755884      0.0663951382190912     -0.0042507153269576      0.0000245767466893
     32.9210812367760965             1      1.0000000000000000      1.0000000000000000      1.0000000000000000      0.0000000248066565      0.0395758758506412      0.0662270038313517     -0.0042802773189936      0.0000248108316633
     32.9604987053300889             1      1.0000000000000000      1.0000000000000000      1.0000000000000000      0.0000000247848045      0.0395423922566861      0.0660577013042391     -0.0043099966327446      0.0000250493779914
     32.9999161246913175             1      1.0000000000000000      1.0000000000000000      1.0000000000000000      0.0000000247623772      0.0395080247758182      0.0658872244166054     -0.0043398746713537      0.0000252924988034
     33.0393334928356097             1      1.0000000000000000      1.0000000000000000      1.0000000000000000      0.0000000247393706      0.0394727669007654      0.0657155669117013     -0.0043699120997494      0.0000255403108019
     33.0787508067802705             1      1.0000000000000000      1.0000000000000000      1.0000000000000000      0.0000000247157804      0.0394366120291011      0.0655427225001141     -0.0044001092733626      0.0000257929343894
     33.1181680672567254             1      1.0000000000000000      1.0000000000000000      1.0000000000000000      0.0000000246916024      0.0393995534621254      0.0653686848643651     -0.0044304666551061      0.0000260504938004
     33.1575852778451861             1      1.0000000000000000      1.0000000000000000      1.0000000000000000      0.0000000246668323      0.0393615844066908      0.0651934476683885     -0.0044609849850829      0.0000263131172342
     33.1970024411364051             1      1.0000000000000000      1.0000000000000000      1.0000000000000000      0.0000000246414657      0.0393226979741266      0.0650170045459010     -0.0044916653880909      0.0000265809370272
     33.2364195582213355             1      1.0000000000000000      1.0000000000000000      1.0000000000000000      0.0000000246154983      0.0392828871780256      0.0648393490830218     -0.0045225093621371      0.0000268540898410
     33.2758366292307883             1      1.0000000000000000      1.0000000000000000      1.0000000000000000      0.0000000245889256      0.0392421449327833      0.0646604748083822     -0.0045535185087628      0.0000271327168491
     33.3152536529535794             1      1.0000000000000000      1.0000000000000000      1.0000000000000000      0.0000000245617430      0.0392004640499823      0.0644803751897634     -0.0045846942339978      0.0000274169639180
     33.3546706284562333             1      1.0000000000000000      1.0000000000000000      1.0000000000000000      0.0000000245339459      0.0391578372332406      0.0642990436304745     -0.0046160376708057      0.0000277069817969
     33.3940875578957090             1      1.0000000000000000      1.0000000000000000      1.0000000000000000      0.0000000245055297      0.0391142570777749      0.0641164734913541     -0.0046475493922201      0.0000280029262727
     33.4335044447676850             1      1.0000000000000000      1.0000000000000000      1.0000000000000000      0.0000000244764897      0.0390697160703112      0.0639326581275188     -0.0046792292414851      0.0000283049583044
     33.4729212921512129             1      1.0000000000000000      1.0000000000000000      1.0000000000000000      0.0000000244468210      0.0390242065880530      0.0637475909126044     -0.0047110769225250      0.0000286132441832
     33.5123381020915616             1      1.0000000000000000      1.0000000000000000      1.0000000000000000      0.0000000244165188      0.0389777208971082      0.0635612652300502     -0.0047430924833977      0.0000289279557606
     33.5517548755044572             1      1.0000000000000000      1.0000000000000000      1.0000000000000000      0.0000000243855782      0.0389302511501050      0.0633736744566888     -0.0047752764419704      0.0000292492707026
     33.5911716126490347             1      1.0000000000000000      1.0000000000000000      1.0000000000000000      0.0000000243539941      0.0388817893834376      0.0631848119384087     -0.0048076298014766      0.0000295773727712
     33.6305883137033348             1      1.0000000000000000      1.0000000000000000      1.0000000000000000      0.0000000243217615      0.0388323275138518      0.0629946709725281     -0.0048401537380950      0.0000299124521084
     33.6700049796509120             1      1.0000000000000000      1.0000000000000000      1.0000000000000000      0.0000000242888752      0.0387818573366941      0.0628032448085413     -0.0048728494662697      0.0000302547054981
     33.7094216116936352             1      1.0000000000000000      1.0000000000000000      1.0000000000000000      0.0000000242553301      0.0387303705243029      0.0626105266501672     -0.0049057181278011      0.0000306043366388
     33.7488382105699074             1      1.0000000000000000      1.0000000000000000      1.0000000000000000      0.0000000242211208      0.0386778586232462      0.0624165096617527     -0.0049387606351730      0.0000309615564190
     33.7882547767773573             1      1.0000000000000000      1.0000000000000000      1.0000000000000000      0.0000000241862419      0.0386243130514802      0.0622211869781540     -0.0049719774678576      0.0000313265831979
     33.8276713108252451             1      1.0000000000000000      1.0000000000000000      1.0000000000000000      0.0000000241506881      0.0385697250948605      0.0620245517198929     -0.0050053689054677      0.0000316996430873
     33.8670878139541784             1      1.0000000000000000      1.0000000000000000      1.0000000000000000      0.0000000241144537      0.0385140859049736      0.0618265969928020     -0.0050389351309251      0.0000320809702806
     33.9065042878399510             1      1.0000000000000000      1.0000000000000000      1.0000000000000000      0.0000000240775332      0.0384573864963856      0.0616273158999123     -0.0050726760185538      0.0000324708073706
     33.9459207347032503             1      1.0000000000000000      1.0000000000000000      1.0000000000000000      0.0000000240399208      0.0383996177441461      0.0614267015499805     -0.0051065912835339      0.0000328694056892
     33.9853371572408633             1      1.0000000000000000      1.0000000000000000      1.0000000000000000      0.0000000240016108      0.0383407703832304      0.0612247470724299     -0.0051406802546261      0.0000332770256502
     34.0247535572607731             1      1.0000000000000000      1.0000000000000000      1.0000000000000000      0.0000000239625974      0.0382808350064510      0.0610214456367460     -0.0051749420759818      0.0000336939370965
     34.0641699354809973             1      1.0000000000000000      1.0000000000000000      1.0000000000000000      0.0000000239228745      0.0382198020625932      0.0608167904518188     -0.0052093757890518      0.0000341204197087
     34.1035862911940342             1      1.0000000000000000      1.0000000000000000      1.0000000000000000      0.0000000238824361      0.0381576618521150      0.0606107747709656     -0.0052439803679798      0.0000345567634195
     34.1430026234734854             1      1.0000000000000000      1.0000000000000000      1.0000000000000000      0.0000000238412761      0.0380944045234184      0.0604033918813455     -0.0052787548668296      0.0000350032688865
     34.1824189318675451             1      1.0000000000000000      1.0000000000000000      1.0000000000000000      0.0000000237993883      0.0380300200706764      0.0601946351082123     -0.0053136984054403      0.0000354602479540
     34.2218352160180928             1      1.0000000000000000      1.0000000000000000      1.0000000000000000      0.0000000237567663      0.0379644983320076      0.0599844978097762     -0.0053488102425886      0.0000359280241633
     34.2612514750517789             1      1.0000000000000000      1.0000000000000000      1.0000000000000000      0.0000000237134038      0.0378978289807080      0.0597729733571650     -0.0053840897458271      0.0000364069333202
     34.3006677110340163             1      1.0000000000000000      1.0000000000000000      1.0000000000000000      0.0000000236692941      0.0378300015229126      0.0595600551334969     -0.0054195360698977      0.0000368973240514
     34.3400839283027679             1      1.0000000000000000      1.0000000000000000      1.0000000000000000      0.0000000236244308      0.0377610052999407      0.0593457365732219     -0.0054551477428485      0.0000373995582872
     34.3795001301958223             1      1.0000000000000000      1.0000000000000000      1.0000000000000000      0.0000000235788071      0.0376908294864430      0.0591300111874399     -0.0054909228018654      0.0000379140117980
     34.4189163184852731             1      1.0000000000000000      1.0000000000000000      1.0000000000000000      0.0000000235324162      0.0376194630866772      0.0589128725841780     -0.0055268582700138      0.0000384410747675
     34.4583324939275570             1      1.0000000000000000      1.0000000000000000      1.0000000000000000      0.0000000234852511      0.0375468949292141      0.0586943145139258     -0.0055629499865124      0.0000389811523207
     34.4977486577144887             1      1.0000000000000000      1.0000000000000000      1.0000000000000000      0.0000000234373049      0.0374731136655053      0.0584743309013559     -0.0055991936016014      0.0000395346651151
     34.5371648108654625             1      1.0000000000000000      1.0000000000000000      1.0000000000000000      0.0000000233885704      0.0373981077648099      0.0582529158278623     -0.0056355852076881      0.0000401020500972
     34.5765809555640828             1      1.0000000000000000      1.0000000000000000      1.0000000000000000      0.0000000233390403      0.0373218655119395      0.0580300635145391     -0.0056721213523381      0.0000406837613010
     34.6159970948183684             1      1.0000000000000000      1.0000000000000000      1.0000000000000000      0.0000000232887074      0.0372443750072408      0.0578057683180241     -0.0057087986180714      0.0000412802706573
     34.6554132309156415             1      1.0000000000000000      1.0000000000000000      1.0000000000000000      0.0000000232375642      0.0371656241635347      0.0575800247382715     -0.0057456134126559      0.0000418920688053
     34.6948293654848285             1      1.0000000000000000      1.0000000000000000      1.0000000000000000      0.0000000231856030      0.0370856007032083      0.0573528274242591     -0.0057825617924291      0.0000425196659543
     34.7342454994603287             1      1.0000000000000000      1.0000000000000000      1.0000000000000000      0.0000000231328163      0.0370042921556735      0.0571241712005420     -0.0058196389859023      0.0000431635927245
     34.7736616328828987             1      1.0000000000000000      1.0000000000000000      1.0000000000000000      0.0000000230791961      0.0369216858517526      0.0568940510955425     -0.0058568393174870      0.0000438244010194
     34.8130777662465292             1      1.0000000000000000      1.0000000000000000      1.0000000000000000      0.0000000230247347      0.0368377689187258      0.0566624623687140     -0.0058941563493912      0.0000445026649439
     34.8524939014977733             1      1.0000000000000000      1.0000000000000000      1.0000000000000000      0.0000000229694238      0.0367525282786063      0.0564294005404872     -0.0059315830067190      0.0000451989817602
     34.8919100415279360             1      1.0000000000000000      1.0000000000000000      1.0000000000000000      0.0000000229132555      0.0366659506481811      0.0561948614232716     -0.0059691116134943      0.0000459139728865
     34.9313261889640359             1      1.0000000000000000      1.0000000000000000      1.0000000000000000      0.0000000228562213      0.0365780225377740      0.0559588411485184     -0.0060067338574536      0.0000466482849550
     34.9707423456864674             1      1.0000000000000000      1.0000000000000000      1.0000000000000000      0.0000000227983130      0.0364887302496019      0.0557213361934168     -0.0060444408237003      0.0000474025909221
     35.0101585126246349             1      1.0000000000000000      1.0000000000000000      1.0000000000000000      0.0000000227395218      0.0363980598730928      0.0554823433991804     -0.0060822227069036      0.0000481775912587
     35.0495746909376038             1      1.0000000000000000      1.0000000000000000      1.0000000000000000      0.0000000226798393      0.0363059972829080      0.0552418600145376     -0.0061200686567886      0.0000489740151096
     35.0889908820334782             1      1.0000000000000000      1.0000000000000000      1.0000000000000000      0.0000000226192566      0.0362125281379165      0.0549998837275176     -0.0061579674922160      0.0000497926215493
     35.1284070872988963             1      1.0000000000000000      1.0000000000000000      1.0000000000000000      0.0000000225577648      0.0361176378790511      0.0547564126641880     -0.0061959079712275      0.0000506342010229
     35.1678233083421006             1      1.0000000000000000      1.0000000000000000      1.0000000000000000      0.0000000224953549      0.0360213117260710      0.0545114453951646     -0.0062338784447629      0.0000514995768340
     35.2072395476571955             1      1.0000000000000000      1.0000000000000000      1.0000000000000000      0.0000000224320178      0.0359235346771193      0.0542649809602402     -0.0062718664737813      0.0000523896066401
     35.2466558081512105             1      1.0000000000000000      1.0000000000000000      1.0000000000000000      0.0000000223677440      0.0358242915080398      0.0540170189123535     -0.0063098582461178      0.0000533051839414
     35.2860720928978040             1      1.0000000000000000      1.0000000000000000      1.0000000000000000      0.0000000223025242      0.0357235667726530      0.0537675593818179     -0.0063478384295294      0.0000542472395507
     35.3254884047049629             1      1.0000000000000000      1.0000000000000000      1.0000000000000000      0.0000000222363489      0.0356213448026387      0.0535166031309964     -0.0063857904329537      0.0000552167431617
     35.3649047460592385             1      1.0000000000000000      1.0000000000000000      1.0000000000000000      0.0000000221692084      0.0355176097072652      0.0532641516048975     -0.0064236959852687      0.0000562147049995
     35.4043211193020895             1      1.0000000000000000      1.0000000000000000      1.0000000000000000      0.0000000221010929      0.0354123453738739      0.0530102070111132     -0.0064615347417773      0.0000572421774060
     35.4437375267338695             1      1.0000000000000000      1.0000000000000000      1.0000000000000000      0.0000000220319925      0.0353055354694914      0.0527547723944070     -0.0064992847621235      0.0000583002565048
     35.4831539705693544             1      1.0000000000000000      1.0000000000000000      1.0000000000000000      0.0000000219618971      0.0351971634427495      0.0524978516877098     -0.0065369229865413      0.0000593900840307
     35.5225704530160939             1      1.0000000000000000      1.0000000000000000      1.0000000000000000      0.0000000218907965      0.0350872125259068      0.0522394497535441     -0.0065744250914902      0.0000605128492789
     35.5619869764956036             1      1.0000000000000000      1.0000000000000000      1.0000000000000000      0.0000000218186806      0.0349756657378985      0.0519795724428124     -0.0066117651088266      0.0000616697910454
     35.6014035436933085             1      1.0000000000000000      1.0000000000000000      1.0000000000000000      0.0000000217455388      0.0348625059049200      0.0517182267004446     -0.0066489153584584      0.0000628621994168
     35.6408201517997014             1      1.0000000000000000      1.0000000000000000      1.0000000000000000      0.0000000216713606      0.0347477156382109      0.0514554205685910     -0.0066858464768223      0.0000640914180815
     35.6802368021111889             1      1.0000000000000000      1.0000000000000000      1.0000000000000000      0.0000000215961356      0.0346312773470845      0.0511911632741868     -0.0067225271187348      0.0000653588463347
     35.7196534972727306             1      1.0000000000000000      1.0000000000000000      1.0000000000000000      0.0000000215198529      0.0345131732504474      0.0509254653278889     -0.0067589235478144      0.0000666659410646
     35.7590702395796782             1      1.0000000000000000      1.0000000000000000      1.0000000000000000      0.0000000214425017      0.0343933853831059      0.0506583386175975     -0.0067949996055213      0.0000680142187942
     35.7984870315163732             1      1.0000000000000000      1.0000000000000000      1.0000000000000000      0.0000000213640711      0.0342718956045272      0.0503897964997311     -0.0068307168586550      0.0000694052577679
     35.8379038758733302             1      1.0000000000000000      1.0000000000000000      1.0000000000000000      0.0000000212845502      0.0341486856112054      0.0501198538923699     -0.0068660345782717      0.0000708407000572
     35.8773207751249359             1      1.0000000000000000      1.0000000000000000      1.0000000000000000      0.0000000212039278      0.0340237369473613      0.0498485273673127     -0.0069009094573618      0.0000723222536851
     35.9167377318169727             1      1.0000000000000000      1.0000000000000000      1.0000000000000000      0.0000000211221928      0.0338970310172300      0.0495758352590768     -0.0069352950434836      0.0000738516946553
     35.9561547489189621             1      1.0000000000000000      1.0000000000000000      1.0000000000000000      0.0000000210393341      0.0337685491021489      0.0493017978031317     -0.0069691414061067      0.0000754308687776
     35.9955718292535849             1      1.0000000000000000      1.0000000000000000      1.0000000000000000      0.0000000209553404      0.0336382723794179      0.0490264372784789     -0.0070023948379782      0.0000770616934012
     36.0349889750699788             1      1.0000000000000000      1.0000000000000000      1.0000000000000000      0.0000000208702005      0.0335061819404374      0.0487497781623833     -0.0070349975583307      0.0000787461589724
     36.0744061885563383             1      1.0000000000000000      1.0000000000000000      1.0000000000000000      0.0000000207839030      0.0333722588106222      0.0484718472875108     -0.0070668875018045      0.0000804863304467
     36.1138234725437712             1      1.0000000000000000      1.0000000000000000      1.0000000000000000      0.0000000206964368      0.0332364839740982      0.0481926740152650     -0.0070979982972643      0.0000822843484275
     36.1532408305795201             1      1.0000000000000000      1.0000000000000000      1.0000000000000000      0.0000000206077904      0.0330988384041534      0.0479122904021911     -0.0071282596788792      0.0000841424301442
     36.1926582661973484             1      1.0000000000000000      1.0000000000000000      1.0000000000000000      0.0000000205179529      0.0329593030975162      0.0476307313575375     -0.0071575973629215      0.0000860628702528
     36.2320757820083728             1      1.0000000000000000      1.0000000000000000      1.0000000000000000      0.0000000204269129      0.0328178591117422      0.0473480348203890     -0.0071859323778227      0.0000880480412032
     36.2714933788919254             1      1.0000000000000000      1.0000000000000000      1.0000000000000000      0.0000000203346594      0.0326744876003409      0.0470642419503870     -0.0072131805678088      0.0000901003931325
     36.3109110568636311             1      1.0000000000000000      1.0000000000000000      1.0000000000000000      0.0000000202411815      0.0325291698482982      0.0467793973248156     -0.0072392523136293      0.0000922224532654
     36.3503288168596868             1      1.0000000000000000      1.0000000000000000      1.0000000000000000      0.0000000201464684      0.0323818873041189      0.0464935491321938     -0.0072640522689362      0.0000944168248187
     36.3897466644712395             1      1.0000000000000000      1.0000000000000000      1.0000000000000000      0.0000000200505094      0.0322326216459569      0.0462067494343380     -0.0072874790346321      0.0000966861847578
     36.4291646056819900             1      1.0000000000000000      1.0000000000000000      1.0000000000000000      0.0000000199532941      0.0320813548492140      0.0459190544353904     -0.0073094246838060      0.0000990332807032
     36.4685826438855116             1      1.0000000000000000      1.0000000000000000      1.0000000000000000      0.0000000198548124      0.0319280692482110      0.0456305247485176     -0.0073297742436640      0.0001014609269373
     36.5080007800873645             1      1.0000000000000000      1.0000000000000000      1.0000000000000000      0.0000000197550544      0.0317727475966226      0.0453412256689575     -0.0073484051561439      0.0001039719993098
     36.5474190149571641             1      1.0000000000000000      1.0000000000000000      1.0000000000000000      0.0000000196540105      0.0316153731351208      0.0450512274710278     -0.0073651867630832      0.0001065694287283
     36.5868373505998790             1      1.0000000000000000      1.0000000000000000      1.0000000000000000      0.0000000195516718      0.0314559296716411      0.0447606057319556     -0.0073799800365607      0.0001092561930050
     36.6262557908790995             1      1.0000000000000000      1.0000000000000000      1.0000000000000000      0.0000000194480294      0.0312944016746415      0.0444694416705134     -0.0073926375193335      0.0001120353069496
     36.6656743404519574             1      1.0000000000000000      1.0000000000000000      1.0000000000000000      0.0000000193430752      0.0311307743752592      0.0441778224871190     -0.0074030033431199      0.0001149098106127
     36.7050930037143104             1      1.0000000000000000      1.0000000000000000      1.0000000000000000      0.0000000192368018      0.0309650338764902      0.0438858417014735     -0.0074109130150549      0.0001178827554956
     36.7445117842083206             1      1.0000000000000000      1.0000000000000000      1.0000000000000000      0.0000000191292021      0.0307971672692052      0.0435935995037353     -0.0074161927798252      0.0001209571883013
     36.7839306846192713             1      1.0000000000000000      1.0000000000000000      1.0000000000000000      0.0000000190202701      0.0306271627548008      0.0433012031291414     -0.0074186589011117      0.0001241361318095
     36.8233497075240663             1      1.0000000000000000      1.0000000000000000      1.0000000000000000      0.0000000189100003      0.0304550097788140      0.0430087672593078     -0.0074181170434756      0.0001274225624882
     36.8627688560185689             1      1.0000000000000000      1.0000000000000000      1.0000000000000000      0.0000000187983884      0.0302806991781846      0.0427164144498747     -0.0074143618161931      0.0001308193844593
     36.9021881338021345             1      1.0000000000000000      1.0000000000000000      1.0000000000000000      0.0000000186854309      0.0301042233425612      0.0424242755741823     -0.0074071765591597      0.0001343293995304
     36.9416075448327135             1      1.0000000000000000      1.0000000000000000      1.0000000000000000      0.0000000185711257      0.0299255763868532      0.0421324902689844     -0.0073963333096528      0.0001379552730581
     36.9810270933332532             1      1.0000000000000000      1.0000000000000000      1.0000000000000000      0.0000000184554715      0.0297447543372829      0.0418412073789763     -0.0073815929085360      0.0001416994952881
     37.0204467837404252             1      1.0000000000000000      1.0000000000000000      1.0000000000000000      0.0000000183384689      0.0295617553325837      0.0415505853982649     -0.0073627051082052      0.0001455643377956
     37.0598666203345743             1      1.0000000000000000      1.0000000000000000      1.0000000000000000      0.0000000182201196      0.0293765798387661      0.0412607929085952     -0.0073394086055465      0.0001495518046151
     37.0992866069890681             1      1.0000000000000000      1.0000000000000000      1.0000000000000000      0.0000000181004272      0.0291892308762501      0.0409720090147441     -0.0073114309338991      0.0001536635776394
     37.1387067473525008             1      1.0000000000000000      1.0000000000000000      1.0000000000000000      0.0000000179793969      0.0289997142610602      0.0406844237854380     -0.0072784883932183      0.0001579009557489
     37.1781270451505463             1      1.0000000000000000      1.0000000000000000      1.0000000000000000      0.0000000178570360      0.0288080388615337      0.0403982386917449     -0.0072402862841875      0.0001622647873885
     37.2175475043515931             1      1.0000000000000000      1.0000000000000000      1.0000000000000000      0.0000000177333539      0.0286142168667548      0.0401136670273646     -0.0071965193011274      0.0001667553964944
     37.2569681299735080             1      1.0000000000000000      1.0000000000000000      1.0000000000000000      0.0000000176083622      0.0284182640772378      0.0398309343220775     -0.0071468721528874      0.0001713725013429
     37.2963889273355420             1      1.0000000000000000      1.0000000000000000      1.0000000000000000      0.0000000174820751      0.0282202002151077      0.0395502787308973     -0.0070910204505969      0.0001761151264224
     37.3358099003194468             1      1.0000000000000000      1.0000000000000000      1.0000000000000000      0.0000000173545096      0.0280200492318402      0.0392719513615195     -0.0070286318359129      0.0001809815079615
     37.3752310528479583             1      1.0000000000000000      1.0000000000000000      1.0000000000000000      0.0000000172256854      0.0278178396310469      0.0389962165553163     -0.0069593674242023      0.0001859689931026
     37.4146523897274008             1      1.0000000000000000      1.0000000000000000      1.0000000000000000      0.0000000170956253      0.0276136048081268      0.0387233521142353     -0.0068828836130116      0.0001910739332561
     37.4540739162411782             1      1.0000000000000000      1.0000000000000000      1.0000000000000000      0.0000000169643555      0.0274073834005088      0.0384536494504032     -0.0067988342711554      0.0001962915727382
     37.4934956373694774             1      1.0000000000000000      1.0000000000000000      1.0000000000000000      0.0000000168319058      0.0271992196420308      0.0381874136403269     -0.0067068732872923      0.0002016159340665
     37.5329175573688119             1      1.0000000000000000      1.0000000000000000      1.0000000000000000      0.0000000166983096      0.0269891637161439      0.0379249633676822     -0.0066066572866353      0.0002070397016455
     37.5723396800657810             1      1.0000000000000000      1.0000000000000000      1.0000000000000000      0.0000000165636044      0.0267772721061243      0.0376666307554266     -0.0064978486206694      0.0002125541056295
     37.6117620094535923             1      1.0000000000000000      1.0000000000000000      1.0000000000000000      0.0000000164278316      0.0265636079431436      0.0374127610709330     -0.0063801191015172      0.0002181488085459
     37.6511845496075495             1      1.0000000000000000      1.0000000000000000      1.0000000000000000      0.0000000162910373      0.0263482413411994      0.0371637122681715     -0.0062531542355414      0.0002238117982397
     37.6906073050020609             1      1.0000000000000000      1.0000000000000000      1.0000000000000000      0.0000000161532721      0.0261312497160729      0.0369198543615216     -0.0061166575964758      0.0002295292905788
     37.7300302806231329             1      1.0000000000000000      1.0000000000000000      1.0000000000000000      0.0000000160145912      0.0259127180825648      0.0366815686202842     -0.0059703560151110      0.0002352856459664
     37.7694534817272398             1      1.0000000000000000      1.0000000000000000      1.0000000000000000      0.0000000158750547      0.0256927393193769      0.0364492465365254     -0.0058140053457372      0.0002410633051815
     37.8088769138114316             1      1.0000000000000000      1.0000000000000000      1.0000000000000000      0.0000000157347279      0.0254714143986552      0.0362232885767594     -0.0056473959194957      0.0002468427491059
     37.8483005818385010             1      1.0000000000000000      1.0000000000000000      1.0000000000000000      0.0000000155936812      0.0252488525644087      0.0360041027176810     -0.0054703579733255      0.0002526024873652
     37.8877244900331220             1      1.0000000000000000      1.0000000000000000      1.0000000000000000      0.0000000154519900      0.0250251714565517      0.0357921027671003     -0.0052827671589421      0.0002583190810506
     37.9271486412639902             1      1.0000000000000000      1.0000000000000000      1.0000000000000000      0.0000000153097350      0.0248004971759193      0.0355877064741907     -0.0050845499842259      0.0002639672045647
     37.9665730352903736             1      1.0000000000000000      1.0000000000000000      1.0000000000000000      0.0000000151670024      0.0245749642224244      0.0353913333792196     -0.0048756892315164      0.0002695197529161
     38.0059976762117273             1      1.0000000000000000      1.0000000000000000      1.0000000000000000      0.0000000150238830      0.0243487154042621      0.0352034024944030     -0.0046562300478890      0.0002749479964728
     38.0454225704066005             1      1.0000000000000000      1.0000000000000000      1.0000000000000000      0.0000000148804728      0.0241219016708269      0.0350243297338009     -0.0044262869742269      0.0002802217892753
     38.0848477219793011             1      1.0000000000000000      1.0000000000000000      1.0000000000000000      0.0000000147368727      0.0238946817898819      0.0348545250195739     -0.0041860502137789      0.0002853098360722
     38.1242731380830620             1      1.0000000000000000      1.0000000000000000      1.0000000000000000      0.0000000145931878      0.0236672219747754      0.0346943892307477     -0.0039357895721196      0.0002901800144548
     38.1636988245128066             1      1.0000000000000000      1.0000000000000000      1.0000000000000000      0.0000000144495278      0.0234396953860421      0.0345443110204870     -0.0036758570330101      0.0002947997502637
     38.2031247840671426             1      1.0000000000000000      1.0000000000000000      1.0000000000000000      0.0000000143060058      0.0232122814863623      0.0344046635193871     -0.0034066882935552      0.0002991364428529
     38.2425510210041608             1      1.0000000000000000      1.0000000000000000      1.0000000000000000      0.0000000141627383      0.0229851652555662      0.0342758010020642     -0.0031288027732227      0.0003031579325133
     38.2819775506260740             1      1.0000000000000000      1.0000000000000000      1.0000000000000000      0.0000000140198448      0.0227585365000404      0.0341580556816630     -0.0028428033508256      0.0003068329972933
     38.3214043739864678             1      1.0000000000000000      1.0000000000000000      1.0000000000000000      0.0000000138774466      0.0225325888454606      0.0340517344013235     -0.0025493740023557      0.0003101318768049
     38.3608314899882146             1      1.0000000000000000      1.0000000000000000      1.0000000000000000      0.0000000137356668      0.0223075186539499      0.0339571154913716     -0.0022492761187915      0.0003130268025169
     38.4002589048620422             1      1.0000000000000000      1.0000000000000000      1.0000000000000000      0.0000000135946293      0.0220835239032271      0.0338744457851530     -0.0019433452619931      0.0003154925216252
     38.4396866346665576             1      1.0000000000000000      1.0000000000000000      1.0000000000000000      0.0000000134544580      0.0218608030911877      0.0338039378128845     -0.0016324862953174      0.0003175067997796
     38.4791146918755942             1      1.0000000000000000      1.0000000000000000      1.0000000000000000      0.0000000133152762      0.0216395539982106      0.0337457672039294     -0.0013176656399527      0.0003190508863197
     38.5185430882507660             1      1.0000000000000000      1.0000000000000000      1.0000000000000000      0.0000000131772055      0.0214199724004851      0.0337000704320338     -0.0009999019898356      0.0003201099226006
     38.5579718413408230             1      1.0000000000000000      1.0000000000000000      1.0000000000000000      0.0000000130403671      0.0212022533553701      0.0336669432867871     -0.0006802584017990      0.0003206732737785
     38.5974005118966375             1      1.0000000000000000      1.0000000000000000      1.0000000000000000      0.0000000129048778      0.0209865852441409      0.0336464385447848     -0.0003598178247048      0.0003207347993248
     38.6368290471495754             1      1.0000000000000000      1.0000000000000000      1.0000000000000000      0.0000000127708503      0.0207731504610276      0.0336385660495304     -0.0000396678983366      0.0003202929755294
     38.6762574448037881             1      1.0000000000000000      1.0000000000000000      1.0000000000000000      0.0000000126383928      0.0205621245738609      0.0336432929236804      0.0002791128767214      0.0003193509175747
     38.7156857025176961             1      1.0000000000000000      1.0000000000000000      1.0000000000000000      0.0000000125076087      0.0203536752798409      0.0336605442134477      0.0005954693353548      0.0003179163045311
     38.7551138179047499             1      1.0000000000000000      1.0000000000000000      1.0000000000000000      0.0000000123785955      0.0201479614644681      0.0336902040478415      0.0009083809968548      0.0003160012043002
     38.7945417885358381             1      1.0000000000000000      1.0000000000000000      1.0000000000000000      0.0000000122514443      0.0199451323065379      0.0337321170152518      0.0012168695045093      0.0003136218241958
     38.8339696119413631             1      1.0000000000000000      1.0000000000000000      1.0000000000000000      0.0000000121262400      0.0197453266547477      0.0337860901292022      0.0015200047205850      0.0003107981488303
     38.8733972856157237             1      1.0000000000000000      1.0000000000000000      1.0000000000000000      0.0000000120030603      0.0195486724403911      0.0338518947994375      0.0018169119272183      0.0003075535405969
     38.9128248070221829             1      1.0000000000000000      1.0000000000000000      1.0000000000000000      0.0000000118819759      0.0193552862513604      0.0339292691879084      0.0021067815274183      0.0003039142785014
     38.9522521735928819             1      1.0000000000000000      1.0000000000000000      1.0000000000000000      0.0000000117630498      0.0191652730459703      0.0340179209896226      0.0023888793520327      0.0002999090527185
     38.9916793827242003             1      1.0000000000000000      1.0000000000000000      1.0000000000000000      0.0000000116463380      0.0189787260063493      0.0341175305757022      0.0026625550119099      0.0002955684323852
     39.0311064317656431             1      1.0000000000000000      1.0000000000000000      1.0000000000000000      0.0000000115318888      0.0187957265275645      0.0342277544262595      0.0029272476584505      0.0002909243241980
     39.0705333180093035             1      1.0000000000000000      1.0000000000000000      1.0000000000000000      0.0000000114197433      0.0186163443351242      0.0343482287115051      0.0031824875047079      0.0002860094407333
     39.1099600386870776             1      1.0000000000000000      1.0000000000000000      1.0000000000000000      0.0000000113099354      0.0184406377197320      0.0344785728321742      0.0034278918149906      0.0002808567969160
     39.1493865909735490             1      1.0000000000000000      1.0000000000000000      1.0000000000000000      0.0000000112024922      0.0182686538744678      0.0346183927103916      0.0036631579215092      0.0002754992507876
     39.1888129719912968             1      1.0000000000000000      1.0000000000000000      1.0000000000000000      0.0000000110974338      0.0181004293179186      0.0347672838264801      0.0038880579895775      0.0002699690946233
     39.2282391788153006             1      1.0000000000000000      1.0000000000000000      1.0000000000000000      0.0000000109947745      0.0179359903879046      0.0349248340997144      0.0041024357688187      0.0002642976969605
     39.2676652084823274             1      1.0000000000000000      1.0000000000000000      1.0000000000000000      0.0000000108945221      0.0177753537920095      0.0350906266544123      0.0043062038075269      0.0002585151964775
     39.3070910579986119             1      1.0000000000000000      1.0000000000000000      1.0000000000000000      0.0000000107966792      0.0176185272020479      0.0352642424731119      0.0044993402829752      0.0002526502483589
     39.3465167243384784             1      1.0000000000000000      1.0000000000000000      1.0000000000000000      0.0000000107012429      0.0174655098802515      0.0354452629111081      0.0046818852404424      0.0002467298230585
     39.3859422044336256             1      1.0000000000000000      1.0000000000000000      1.0000000000000000      0.0000000106082058      0.0173162933256978      0.0356332720490118      0.0048539357964379      0.0002407790558471
     39.4253674951515549             1      1.0000000000000000      1.0000000000000000      1.0000000000000000      0.0000000105175560      0.0171708619301079      0.0358278588214024      0.0050156394809215      0.0002348211454113
     39.4647925932819632             1      1.0000000000000000      1.0000000000000000      1.0000000000000000      0.0000000104292775      0.0170291936326388      0.0360286188546238      0.0051671866848747      0.0002288772987385
     39.5042174955480334             1      1.0000000000000000      1.0000000000000000      1.0000000000000000      0.0000000103433510      0.0168912605644636      0.0362351560139925      0.0053088035948322      0.0002229667168627
     39.5436421986176327             1      1.0000000000000000      1.0000000000000000      1.0000000000000000      0.0000000102597540      0.0167570296754553      0.0364470836894133      0.0054407460939940      0.0002171066151188
     39.5830666991057498             1      1.0000000000000000      1.0000000000000000      1.0000000000000000      0.0000000101784611      0.0166264633369358      0.0366640258658561      0.0055632950404215      0.0002113122713282
     39.6224909935803566             1      1.0000000000000000      1.0000000000000000      1.0000000000000000      0.0000000100994446      0.0164995199162463      0.0368856180401182      0.0056767532699184      0.0002055970954574
     39.6619150785625365             1      1.0000000000000000      1.0000000000000000      1.0000000000000000      0.0000000100226746      0.0163761543205173      0.0371115080423966      0.0057814430631713      0.0001999727150212
     39.7013389505184051             1      1.0000000000000000      1.0000000000000000      1.0000000000000000      0.0000000099481197      0.0162563185079289      0.0373413567334383      0.0058777020499169      0.0001944490731148
     39.7407626058518701             1      1.0000000000000000      1.0000000000000000      1.0000000000000000      0.0000000098757468      0.0161399619648944      0.0375748385069175      0.0059658779112999      0.0001890345370122
     39.7801860408925592             1      1.0000000000000000      1.0000000000000000      1.0000000000000000      0.0000000098055216      0.0160270321477423      0.0378116415858914      0.0060463236009312      0.0001837360140538
     39.8196092518945548             1      1.0000000000000000      1.0000000000000000      1.0000000000000000      0.0000000097374090      0.0159174748882921      0.0380514681544614      0.0061193936982381      0.0001785590709043
     39.8590322350532631             1      1.0000000000000000      1.0000000000000000      1.0000000000000000      0.0000000096713732      0.0158112347637128      0.0382940343606594      0.0061854412899808      0.0001735080530360
     39.8984549865093143             1      1.0000000000000000      1.0000000000000000      1.0000000000000000      0.0000000096073778      0.0157082554314875      0.0385390702002896      0.0062448152033487      0.0001685862023779
     39.9378775023399513             1      1.0000000000000000      1.0000000000000000      1.0000000000000000      0.0000000095453862      0.0156084799305667      0.0387863193053872      0.0062978579664115      0.0001637957712353
     39.9772997785862856             1      1.0000000000000000      1.0000000000000000      1.0000000000000000      0.0000000094853615      0.0155118509505281      0.0390355386614187      0.0063449039242742      0.0001591381310190
     40.0167218112368843             1      1.0000000000000000      1.0000000000000000      1.0000000000000000      0.0000000094272670      0.0154183110704005      0.0392864982455609      0.0063862773850055      0.0001546138752346
     40.0561435961936354             1      1.0000000000000000      1.0000000000000000      1.0000000000000000      0.0000000093710659      0.0153278029688438      0.0395389806083066      0.0064222918771789      0.0001502229158947
     40.0955651292614519             1      1.0000000000000000      1.0000000000000000      1.0000000000000000      0.0000000093167218      0.0152402696078364      0.0397927804426409      0.0064532494467162      0.0001459645724708
     40.1349864061543826             1      1.0000000000000000      1.0000000000000000      1.0000000000000000      0.0000000092641986      0.0151556543920275      0.0400477041085510      0.0064794398159004      0.0001418376539769
     40.1744074224804066             1      1.0000000000000000      1.0000000000000000      1.0000000000000000      0.0000000092134606      0.0150739013055101      0.0403035691469773      0.0065011405206180      0.0001378405337865
     40.2138281737911285             1      1.0000000000000000      1.0000000000000000      1.0000000000000000      0.0000000091644725      0.0149949550283416      0.0405602038026191      0.0065186167416424      0.0001339712172179
     40.2532486556057165             1      1.0000000000000000      1.0000000000000000      1.0000000000000000      0.0000000091171997      0.0149187610348596      0.0408174465256384      0.0065321210175715      0.0001302274027027
     40.2926688633220849             1      1.0000000000000000      1.0000000000000000      1.0000000000000000      0.0000000090716082      0.0148452656748210      0.0410751454810688      0.0065418937073748      0.0001266065365107
     40.3320887923699090             1      1.0000000000000000      1.0000000000000000      1.0000000000000000      0.0000000090276644      0.0147744162401245      0.0413331580770565      0.0065481631983350      0.0001231058613517
     40.3715084381297942             1      1.0000000000000000      1.0000000000000000      1.0000000000000000      0.0000000089853357      0.0147061610182417      0.0415913504889361      0.0065511458479291      0.0001197224596257
     40.4109277958276891             1      1.0000000000000000      1.0000000000000000      1.0000000000000000      0.0000000089445899      0.0146404493334518      0.0418495971873857      0.0065510460446751      0.0001164532916348
     40.4503468605746335             1      1.0000000000000000      1.0000000000000000      1.0000000000000000      0.0000000089053957      0.0145772315775028      0.0421077804738251      0.0065480569651993      0.0001132952291548
     40.4897656273858431             1      1.0000000000000000      1.0000000000000000      1.0000000000000000      0.0000000088677223      0.0145164592310449      0.0423657900609727      0.0065423613301246      0.0001102450843680
     40.5291840911845753             1      1.0000000000000000      1.0000000000000000      1.0000000000000000      0.0000000088315398      0.0144580848770426      0.0426235226660959      0.0065341319735667      0.0001072996349952
     40.5686022468090925             1      1.0000000000000000      1.0000000000000000      1.0000000000000000      0.0000000087968190      0.0144020622072535      0.0428808816454310      0.0065235331480547      0.0001044556457118
     40.6080200890188934             1      1.0000000000000000      1.0000000000000000      1.0000000000000000      0.0000000087635314      0.0143483460229313      0.0431377766820745      0.0065107217313711      0.0001017098861403
     40.6474376125030545             1      1.0000000000000000      1.0000000000000000      1.0000000000000000      0.0000000087316491      0.0142968922307875      0.0433941235094957      0.0064958477209464      0.0000990591459991
     40.6868548118820001             1      1.0000000000000000      1.0000000000000000      1.0000000000000000      0.0000000087011452      0.0142476578349378      0.0436498436404992      0.0064790542218295      0.0000965002480153
     40.7262716817146782             1      1.0000000000000000      1.0000000000000000      1.0000000000000000      0.0000000086719933      0.0142006009253844      0.0439048640945452      0.0064604774163496      0.0000940300589030
     40.7656882164929968             1      1.0000000000000000      1.0000000000000000      1.0000000000000000      0.0000000086441676      0.0141556806635042      0.0441591171232743      0.0064402464334807      0.0000916454986116
     40.8051044106140139             1      1.0000000000000000      1.0000000000000000      1.0000000000000000      0.0000000086176431      0.0141128572648874      0.0444125399264572      0.0064184830172678      0.0000893435480988
     40.8445202583583580             1      1.0000000000000000      1.0000000000000000      1.0000000000000000      0.0000000085923956      0.0140720919798137      0.0446650743546547      0.0063953013137469      0.0000871212558146
     40.8839357538789017             1      1.0000000000000000      1.0000000000000000      1.0000000000000000      0.0000000085684013      0.0140333470716567      0.0449166666135105      0.0063708082883201      0.0000849757429173
     40.9233508911965984             1      1.0000000000000000      1.0000000000000000      1.0000000000000000      0.0000000085456372      0.0139965857936024      0.0451672669947780      0.0063451043004670      0.0000829042071818
     40.9627656642191482             1      1.0000000000000000      1.0000000000000000      1.0000000000000000      0.0000000085240808      0.0139617723641232      0.0454168296241603      0.0063182836480593      0.0000809039258495
     41.0021800667403724             1      1.0000000000000000      1.0000000000000000      1.0000000000000000      0.0000000085037104      0.0139288719415392      0.0456653122318204      0.0062904347576849      0.0000789722575238
     41.0415940924294063             1      1.0000000000000000      1.0000000000000000      1.0000000000000000      0.0000000084845047      0.0138978505977874      0.0459126759168532      0.0062616401052334      0.0000771066434451
     41.0810077349383391             1      1.0000000000000000      1.0000000000000000      1.0000000000000000      0.0000000084664429      0.0138686752917360      0.0461588849181953      0.0062319765438753      0.0000753046081425
     41.1204209878991520             1      1.0000000000000000      1.0000000000000000      1.0000000000000000      0.0000000084495051      0.0138413138421773      0.0464039064014459      0.0062015157953973      0.0000735637594865
     41.1598338448570118             1      1.0000000000000000      1.0000000000000000      1.0000000000000000      0.0000000084336715      0.0138157349006429      0.0466477102637201      0.0061703246427595      0.0000718817882200
     41.1992462992290385             1      1.0000000000000000      1.0000000000000000      1.0000000000000000      0.0000000084189232      0.0137919079241824      0.0468902689360712      0.0061384648342449      0.0000702564671790
     41.2386583442750734             1      1.0000000000000000      1.0000000000000000      1.0000000000000000      0.0000000084052415      0.0137698031481350      0.0471315571878356      0.0061059933759142      0.0000686856502252
     41.2780699731169278             1      1.0000000000000000      1.0000000000000000      1.0000000000000000      0.0000000083926083      0.0137493915590792      0.0473715519528280      0.0060729632909442      0.0000671672708187
     41.3174811787047105             1      1.0000000000000000      1.0000000000000000      1.0000000000000000      0.0000000083810061      0.0137306448681248      0.0476102321875836      0.0060394242608383      0.0000656993402371
     41.3568919538060129             1      1.0000000000000000      1.0000000000000000      1.0000000000000000      0.0000000083704175      0.0137135354846959      0.0478475787465715      0.0060054229204705      0.0000642799455934
     41.3963022910816179             1      1.0000000000000000      1.0000000000000000      1.0000000000000000      0.0000000083608259      0.0136980364909590      0.0480835742673247      0.0059710031462246      0.0000629072477321
     41.4357121831214670             1      1.0000000000000000      1.0000000000000000      1.0000000000000000      0.0000000083522149      0.0136841216169502      0.0483182030697477      0.0059362065317430      0.0000615794790130
     41.4751216224343935             1      1.0000000000000000      1.0000000000000000      1.0000000000000000      0.0000000083445685      0.0136717652164617      0.0485514510760560      0.0059010727769787      0.0000602949409768
     41.5145306014896462             1      1.0000000000000000      1.0000000000000000      1.0000000000000000      0.0000000083378712      0.0136609422438175      0.0487833057365069      0.0058656396040426      0.0000590520019995
     41.5539391126274822             1      1.0000000000000000      1.0000000000000000      1.0000000000000000      0.0000000083321078      0.0136516282314096      0.0490137559452794      0.0058299424655352      0.0000578490950278
     41.5933471480861243             1      1.0000000000000000      1.0000000000000000      1.0000000000000000      0.0000000083272634      0.0136437992679778      0.0492427919501623      0.0057940147440665      0.0000566847153750
     41.6327546999203548             1      1.0000000000000000      1.0000000000000000      1.0000000000000000      0.0000000083233235      0.0136374319775955      0.0494704052782398      0.0057578878619017      0.0000555574184744
     41.6721617600046699             1      1.0000000000000000      1.0000000000000000      1.0000000000000000      0.0000000083202739      0.0136325034993888      0.0496965886535976      0.0057215911805415      0.0000544658177191
     41.7115683200304872             1      1.0000000000000000      1.0000000000000000      1.0000000000000000      0.0000000083181008      0.0136289914679402      0.0499213359174786      0.0056851519597288      0.0000534085823383
     41.7509743714705976             1      1.0000000000000000      1.0000000000000000      1.0000000000000000      0.0000000083167906      0.0136268739943226      0.0501446419431166      0.0056485953623447      0.0000523844353507
     41.7903799056537224             1      1.0000000000000000      1.0000000000000000      1.0000000000000000      0.0000000083163300      0.0136261296477657      0.0503665025591722      0.0056119446936338      0.0000513921515320
     41.8297849139201077             1      1.0000000000000000      1.0000000000000000      1.0000000000000000      0.0000000083167061      0.0136267374379816      0.0505869144799319      0.0055752216129335      0.0000504305554139
     41.8691893875367569             1      1.0000000000000000      1.0000000000000000      1.0000000000000000      0.0000000083179061      0.0136286767981296      0.0508058752441210      0.0055384463030077      0.0000494985193131
     41.9085933176477212             1      1.0000000000000000      1.0000000000000000      1.0000000000000000      0.0000000083199175      0.0136319275684400      0.0510233831595436      0.0055016376261779      0.0000485949614047
     41.9479966953283707             1      1.0000000000000000      1.0000000000000000      1.0000000000000000      0.0000000083227282      0.0136364699804720      0.0512394372526175      0.0054648132047991      0.0000477188438489
     41.9873995113590155             1      1.0000000000000000      1.0000000000000000      1.0000000000000000      0.0000000083263262      0.0136422846420287      0.0514540372184390      0.0054279892986507      0.0000468691709887
     42.0268017563345424             1      1.0000000000000000      1.0000000000000000      1.0000000000000000      0.0000000083306996      0.0136493525226566      0.0516671833641692      0.0053911807013366      0.0000460449876423
     42.0662034206737019             1      1.0000000000000000      1.0000000000000000      1.0000000000000000      0.0000000083358371      0.0136576549396839      0.0518788765526907      0.0053544008820717      0.0000452453774618
     42.1056044946465562             1      1.0000000000000000      1.0000000000000000      1.0000000000000000      0.0000000083417272      0.0136671735447772      0.0520891181547863      0.0053176621539878      0.0000444694613251
     42.1450049683450132             1      1.0000000000000000      1.0000000000000000      1.0000000000000000      0.0000000083483588      0.0136778903110505      0.0522979100038609      0.0052809756300377      0.0000437163957858
     42.1844048317361100             1      1.0000000000000000      1.0000000000000000      1.0000000000000000      0.0000000083557211      0.0136897875206599      0.0525052543474343      0.0052443512391599      0.0000429853715990
     42.2238040746493084             1      1.0000000000000000      1.0000000000000000      1.0000000000000000      0.0000000083638033      0.0137028477528926      0.0527111538057014      0.0052077980578516      0.0000422756122860
     42.2632026868436341             1      1.0000000000000000      1.0000000000000000      1.0000000000000000      0.0000000083725949      0.0137170538727064      0.0529156113472501      0.0051713248352756      0.0000415863727042
     42.3026006578628397             1      1.0000000000000000      1.0000000000000000      1.0000000000000000      0.0000000083820855      0.0137323890198981      0.0531186302834974      0.0051349401938354      0.0000409169376237
     42.3419979770248958             1      1.0000000000000000      1.0000000000000000      1.0000000000000000      0.0000000083922648      0.0137488365989648      0.0533202142628451      0.0050986526059555      0.0000402666203759
     42.3813946335831062             1      1.0000000000000000      1.0000000000000000      1.0000000000000000      0.0000000084031229      0.0137663802694339      0.0535203672655964      0.0050624704589778      0.0000396347615665
     42.4207906165727948             1      1.0000000000000000      1.0000000000000000      1.0000000000000000      0.0000000084146499      0.0137850039368054      0.0537190936003862      0.0050264020137377      0.0000390207278475
     42.4601859147919427             1      1.0000000000000000      1.0000000000000000      1.0000000000000000      0.0000000084268360      0.0138046917440872      0.0539163978965157      0.0049904551947034      0.0000384239107626
     42.4995805168982130             1      1.0000000000000000      1.0000000000000000      1.0000000000000000      0.0000000084396716      0.0138254280637038      0.0541122850843527      0.0049546373016314      0.0000378437256837
     42.5389744113123882             1      1.0000000000000000      1.0000000000000000      1.0000000000000000      0.0000000084531472      0.0138471974898336      0.0543067603652051      0.0049189547060549      0.0000372796108266
     42.5783675862438500             1      1.0000000000000000      1.0000000000000000      1.0000000000000000      0.0000000084672536      0.0138699848309889      0.0544998291695795      0.0048834126865218      0.0000367310263435
     42.6177600296406709             1      1.0000000000000000      1.0000000000000000      1.0000000000000000      0.0000000084819815      0.0138937751029506      0.0546914971166966      0.0048480155997780      0.0000361974534500
     42.6571517293574445             1      1.0000000000000000      1.0000000000000000      1.0000000000000000      0.0000000084973220      0.0139185535219383      0.0548817699848895      0.0048127671717983      0.0000356783935587
     42.6965426732712956             1      1.0000000000000000      1.0000000000000000      1.0000000000000000      0.0000000085132660      0.0139443054978915      0.0550706536899522      0.0047776706630631      0.0000351733674318
     42.7359328491082948             1      1.0000000000000000      1.0000000000000000      1.0000000000000000      0.0000000085298047      0.0139710166281589      0.0552581542698446      0.0047427290887007      0.0000346819143547
     42.7753222444539958             1      1.0000000000000000      1.0000000000000000      1.0000000000000000      0.0000000085469294      0.0139986726912832      0.0554442778795106      0.0047079454778437      0.0000342035913232
     42.8147108464222654             1      1.0000000000000000      1.0000000000000000      1.0000000000000000      0.0000000085646316      0.0140272596415643      0.0556290307942786      0.0046733228630176      0.0000337379722493
     42.8540986419349323             1      1.0000000000000000      1.0000000000000000      1.0000000000000000      0.0000000085829027      0.0140567636036133      0.0558124194042747      0.0046388640000326      0.0000332846472283
     42.8934856174707093             1      1.0000000000000000      1.0000000000000000      1.0000000000000000      0.0000000086017343      0.0140871708675998      0.0559944501982178      0.0046045710496544      0.0000328432218684
     42.9328717593900606             1      1.0000000000000000      1.0000000000000000      1.0000000000000000      0.0000000086211182      0.0141184678843377      0.0561751297349900      0.0045704454058652      0.0000324133166808
     42.9722570537716066             1      1.0000000000000000      1.0000000000000000      1.0000000000000000      0.0000000086410461      0.0141506412608181      0.0563544646149535      0.0045364878229836      0.0000319945664963
     43.0116414866501202             1      1.0000000000000000      1.0000000000000000      1.0000000000000000      0.0000000086615100      0.0141836777554088      0.0565324614603835      0.0045026988181774      0.0000315866198861
     43.0510250436500499             1      1.0000000000000000      1.0000000000000000      1.0000000000000000      0.0000000086825018      0.0142175642742567      0.0567091269182244      0.0044690790626732      0.0000311891385581
     43.0904077107966970             1      1.0000000000000000      1.0000000000000000      1.0000000000000000      0.0000000087040137      0.0142522878670497      0.0568844676683192      0.0044356294514185      0.0000308017967703
     43.1297894741603400             1      1.0000000000000000      1.0000000000000000      1.0000000000000000      0.0000000087260378      0.0142878357229277      0.0570584904287216      0.0044023511390481      0.0000304242807791
     43.1691703193858274             1      1.0000000000000000      1.0000000000000000      1.0000000000000000      0.0000000087485664      0.0143241951668904      0.0572312019687077      0.0043692456575853      0.0000300562882998
     43.2085502314976893             1      1.0000000000000000      1.0000000000000000      1.0000000000000000      0.0000000087715918      0.0143613536567894      0.0574026091215600      0.0043363146597409      0.0000296975279930
     43.2479291950191254             1      1.0000000000000000      1.0000000000000000      1.0000000000000000      0.0000000087951064      0.0143992987803607      0.0575727187794523      0.0043035594545829      0.0000293477190163
     43.2873071938711078             1      1.0000000000000000      1.0000000000000000      1.0000000000000000      0.0000000088191028      0.0144380182526425      0.0577415378721983      0.0042709805716163      0.0000290065906295
     43.3266842115456257             1      1.0000000000000000      1.0000000000000000      1.0000000000000000      0.0000000088435734      0.0144774999142986      0.0579090733357533      0.0042385776717291      0.0000286738818394
     43.3660602321363555             1      1.0000000000000000      1.0000000000000000      1.0000000000000000      0.0000000088685110      0.0145177317279044      0.0580753320807633      0.0042063500222134      0.0000283493410566
     43.4054352392901990             1      1.0000000000000000      1.0000000000000000      1.0000000000000000      0.0000000088939084      0.0145587017754201      0.0582403209860031      0.0041742966660742      0.0000280327257168
     43.4448092163294888             1      1.0000000000000000      1.0000000000000000      1.0000000000000000      0.0000000089197581      0.0146003982566758      0.0584040468918289      0.0041424165917111      0.0000277238019199
     43.4841821472030006             1      1.0000000000000000      1.0000000000000000      1.0000000000000000      0.0000000089460533      0.0146428094865791      0.0585665166062004      0.0041107090827513      0.0000274223440599
     43.5235540160333656             1      1.0000000000000000      1.0000000000000000      1.0000000000000000      0.0000000089727867      0.0146859238919439      0.0587277369117679      0.0040791736303628      0.0000271281344705
     43.5629248061790975             1      1.0000000000000000      1.0000000000000000      1.0000000000000000      0.0000000089999515      0.0147297300093513      0.0588877145706819      0.0040478098180914      0.0000268409630927
     43.6022945001408715             1      1.0000000000000000      1.0000000000000000      1.0000000000000000      0.0000000090275406      0.0147742164836142      0.0590464563280904      0.0040166172056163      0.0000265606271601
     43.6416630798727994             1      1.0000000000000000      1.0000000000000000      1.0000000000000000      0.0000000090555472      0.0148193720654256      0.0592039689083283      0.0039855954420430      0.0000262869309122
     43.6810305262554621             1      1.0000000000000000      1.0000000000000000      1.0000000000000000      0.0000000090839645      0.0148651856113984      0.0593602590302086      0.0039547444494552      0.0000260196852871
     43.7203968205369549             1      1.0000000000000000      1.0000000000000000      1.0000000000000000      0.0000000091127858      0.0149116460820162      0.0595153334111480      0.0039240640383246      0.0000257587076476
     43.7597619437559615             1      1.0000000000000000      1.0000000000000000      1.0000000000000000      0.0000000091420044      0.0149587425413914      0.0596691987572001      0.0038935536968803      0.0000255038215461
     43.7991258776494305             1      1.0000000000000000      1.0000000000000000      1.0000000000000000      0.0000000091716137      0.0150064641532813      0.0598218617475586      0.0038632129058091      0.0000252548565073
     43.8384886024027409             1      1.0000000000000000      1.0000000000000000      1.0000000000000000      0.0000000092016071      0.0150548001822898      0.0599733290451276      0.0038330410948729      0.0000250116477769
     43.8778500987011526             1      1.0000000000000000      1.0000000000000000      1.0000000000000000      0.0000000092319782      0.0151037399928851      0.0601236072898613      0.0038030375525701      0.0000247740361102
     43.9172103478243301             1      1.0000000000000000      1.0000000000000000      1.0000000000000000      0.0000000092627205      0.0151532730461622      0.0602727030883775      0.0037732013786403      0.0000245418675757
     43.9565693299186648             1      1.0000000000000000      1.0000000000000000      1.0000000000000000      0.0000000092938277      0.0152033888998250      0.0604206230032764      0.0037435311290969      0.0000243149933680
     43.9959270248852050             1      1.0000000000000000      1.0000000000000000      1.0000000000000000      0.0000000093252935      0.0152540772080877      0.0605673735331537      0.0037140250350814      0.0000240932696443
     44.0352834131835067             1      1.0000000000000000      1.0000000000000000      1.0000000000000000      0.0000000093571115      0.0153053277168904      0.0607129611020116      0.0036846814756555      0.0000238765573497
     44.0746384730110776             1      1.0000000000000000      1.0000000000000000      1.0000000000000000      0.0000000093892756      0.0153571302651067      0.0608573920677869      0.0036554984237395      0.0000236647220206
     44.1139921821281149             1      1.0000000000000000      1.0000000000000000      1.0000000000000000      0.0000000094217797      0.0154094747839532      0.0610006726950178      0.0036264733697080      0.0000234576336550
     44.1533445182457029             1      1.0000000000000000      1.0000000000000000      1.0000000000000000      0.0000000094546176      0.0154623512970014      0.0611428091561813      0.0035976040083534      0.0000232551665408
     44.1926954598749901             1      1.0000000000000000      1.0000000000000000      1.0000000000000000      0.0000000094877833      0.0155157499182128      0.0612838075432723      0.0035688885623430      0.0000230571990757
     44.2320449856109263             1      1.0000000000000000      1.0000000000000000      1.0000000000000000      0.0000000095030244      0.0155402869275255      0.0613477697182752      0.0035558327561991      0.0000229683278738
