                0.00000000E+00          0.15802324E-02          0.33666707E-01          0.52312248E-03
                0.00000000E+00          0.15802324E-02          0.33666707E-01          0.52312248E-03
                0.59154930E-01          0.15802324E-02          0.33666707E-01          0.52312248E-03
                0.11830986E+00          0.15802324E-02          0.33666707E-01          0.52312248E-03
                0.17746475E+00          0.15802324E-02          0.33666707E-01          0.52312248E-03
                0.23661959E+00          0.15802324E-02          0.33666707E-01          0.52312248E-03
                0.29577433E+00          0.15802324E-02          0.33666707E-01          0.52312248E-03
                0.00000000E+00          0.15802324E-02          0.33666707E-01          0.52312248E-03
                0.00000000E+00          0.15802324E-02          0.33666707E-01          0.52312248E-03
                0.39436620E-01          0.15802324E-02          0.33666707E-01          0.52312248E-03
                0.78873239E-01          0.15802324E-02          0.33666707E-01          0.52312248E-03
                0.11830985E+00          0.15802324E-02          0.33666707E-01          0.52312248E-03
                0.15774644E+00          0.15802324E-02          0.33666707E-01          0.52312248E-03
                0.19718300E+00          0.15802324E-02          0.33666707E-01          0.52312248E-03
                0.23661952E+00          0.15802324E-02          0.33666707E-01          0.52312248E-03
                0.27605601E+00          0.15802324E-02          0.33666707E-01          0.52312248E-03
                0.31549244E+00          0.15802324E-02          0.33666707E-01          0.52312248E-03
                0.35492883E+00          0.15802324E-02          0.33666707E-01          0.52312248E-03
                0.39436515E+00          0.15802324E-02          0.33666707E-01          0.52312248E-03
                0.43380140E+00          0.15802324E-02          0.33666707E-01          0.52312248E-03
                0.47323759E+00          0.15802324E-02          0.33666707E-01          0.52312248E-03
                0.51267370E+00          0.15802324E-02          0.33666707E-01          0.52312248E-03
                0.55210975E+00          0.15802324E-02          0.33666707E-01          0.52312248E-03
                0.59154574E+00          0.15802324E-02          0.33666707E-01          0.52312248E-03
                0.63098165E+00          0.15802324E-02          0.33666707E-01          0.52312248E-03
                0.67041750E+00          0.15802324E-02          0.33666707E-01          0.52312248E-03
                0.70985328E+00          0.15802324E-02          0.33666707E-01          0.52312248E-03
                0.74928900E+00          0.15802324E-02          0.33666707E-01          0.52312248E-03
                0.78872465E+00          0.15802324E-02          0.33666707E-01          0.52312248E-03
                0.82816023E+00          0.15802324E-02          0.33666707E-01          0.52312248E-03
                0.86759576E+00          0.15802324E-02          0.33666707E-01          0.52312248E-03
                0.90703121E+00          0.15802324E-02          0.33666707E-01          0.52312248E-03
                0.94646659E+00          0.15802324E-02          0.33666707E-01          0.52312248E-03
                0.98590189E+00          0.15802324E-02          0.33666707E-01          0.52312248E-03
                0.10253371E+01          0.15802324E-02          0.33666707E-01          0.52312248E-03
                0.10647723E+01          0.15802324E-02          0.33666707E-01          0.52312248E-03
                0.11042074E+01          0.15802324E-02          0.33666707E-01          0.52312248E-03
                0.11436424E+01          0.15802324E-02          0.33666707E-01          0.52312248E-03
                0.11830774E+01          0.15802324E-02          0.33666707E-01          0.52312248E-03
                0.12225123E+01          0.15802324E-02          0.33666707E-01          0.52312248E-03
                0.12619471E+01          0.15802324E-02          0.33666707E-01          0.52312248E-03
                0.13013819E+01          0.15802324E-02          0.33666707E-01          0.52312248E-03
                0.13408166E+01          0.15802324E-02          0.33666707E-01          0.52312248E-03
                0.13802513E+01          0.15802324E-02          0.33666707E-01          0.52312248E-03
                0.14196858E+01          0.15802324E-02          0.33666707E-01          0.52312248E-03
                0.14591204E+01          0.15802324E-02          0.33666707E-01          0.52312248E-03
                0.14985548E+01          0.15802324E-02          0.33666707E-01          0.52312248E-03
                0.15379893E+01          0.15802324E-02          0.33666707E-01          0.52312248E-03
                0.15774236E+01          0.15802324E-02          0.33666707E-01          0.52312248E-03
                0.16168579E+01          0.15802324E-02          0.33666707E-01          0.52312248E-03
                0.16562922E+01          0.15802324E-02          0.33666707E-01          0.52312248E-03
                0.16957264E+01          0.15802324E-02          0.33666707E-01          0.52312248E-03
                0.17351606E+01          0.15802324E-02          0.33666707E-01          0.52312248E-03
                0.17745947E+01          0.15802324E-02          0.33666707E-01          0.52312248E-03
                0.18140287E+01          0.15802324E-02          0.33666707E-01          0.52312248E-03
                0.18534628E+01          0.15802324E-02          0.33666707E-01          0.52312248E-03
                0.18928967E+01          0.15802324E-02          0.33666707E-01          0.52312248E-03
                0.19323307E+01          0.15802324E-02          0.33666707E-01          0.52312248E-03
                0.19717646E+01          0.15802324E-02          0.33666707E-01          0.52312248E-03
                0.20111984E+01          0.15802324E-02          0.33666707E-01          0.52312248E-03
                0.20506323E+01          0.15802324E-02          0.33666707E-01          0.52312248E-03
                0.20900661E+01          0.15802324E-02          0.33666707E-01          0.52312248E-03
                0.21294998E+01          0.15802324E-02          0.33666707E-01          0.52312248E-03
                0.21689336E+01          0.15802324E-02          0.33666707E-01          0.52312248E-03
                0.22083673E+01          0.15802324E-02          0.33666707E-01          0.52312248E-03
                0.22478009E+01          0.15802324E-02          0.33666707E-01          0.52312248E-03
                0.22872346E+01          0.15802324E-02          0.33666707E-01          0.52312248E-03
                0.23266682E+01          0.15802324E-02          0.33666707E-01          0.52312248E-03
                0.23661018E+01          0.15802324E-02          0.33666707E-01          0.52312248E-03
                0.24055353E+01          0.15802324E-02          0.33666707E-01          0.52312248E-03
                0.24449689E+01          0.15802324E-02          0.33666707E-01          0.52312248E-03
                0.24844024E+01          0.15802324E-02          0.33666707E-01          0.52312248E-03
                0.25238359E+01          0.15802324E-02          0.33666707E-01          0.52312248E-03
                0.25632694E+01          0.15802324E-02          0.33666707E-01          0.52312248E-03
                0.26027029E+01          0.15802324E-02          0.33666707E-01          0.52312248E-03
                0.26421363E+01          0.15802324E-02          0.33666707E-01          0.52312248E-03
                0.26815698E+01          0.15802324E-02          0.33666707E-01          0.52312248E-03
                0.27210032E+01          0.15802324E-02          0.33666707E-01          0.52312248E-03
                0.27604367E+01          0.15802324E-02          0.33666707E-01          0.52312248E-03
                0.27998701E+01          0.15802324E-02          0.33666707E-01          0.52312248E-03
                0.28393035E+01          0.15802324E-02          0.33666707E-01          0.52312248E-03
                0.28787370E+01          0.15802324E-02          0.33666707E-01          0.52312248E-03
                0.29181704E+01          0.15802324E-02          0.33666707E-01          0.52312248E-03
                0.29576038E+01          0.15802324E-02          0.33666707E-01          0.52312248E-03
                0.29970372E+01          0.15802324E-02          0.33666707E-01          0.52312248E-03
                0.30364707E+01          0.15802324E-02          0.33666707E-01          0.52312248E-03
                0.30759041E+01          0.15802324E-02          0.33666707E-01          0.52312248E-03
                0.31153375E+01          0.15802324E-02          0.33666707E-01          0.52312248E-03
                0.31547709E+01          0.15802324E-02          0.33666707E-01          0.52312248E-03
                0.31942044E+01          0.15802324E-02          0.33666707E-01          0.52312248E-03
                0.32336378E+01          0.15802324E-02          0.33666707E-01          0.52312248E-03
                0.32730712E+01          0.15802324E-02          0.33666707E-01          0.52312248E-03
                0.33125046E+01          0.15802324E-02          0.33666707E-01          0.52312248E-03
                0.33519381E+01          0.15802324E-02          0.33666707E-01          0.52312248E-03
                0.33913715E+01          0.15802324E-02          0.33666707E-01          0.52312248E-03
                0.34308049E+01          0.15802324E-02          0.33666707E-01          0.52312248E-03
                0.34702383E+01          0.15802324E-02          0.33666707E-01          0.52312248E-03
                0.35096718E+01          0.15802324E-02          0.33666707E-01          0.52312248E-03
                0.35491052E+01          0.15802324E-02          0.33666707E-01          0.52312248E-03
                0.35885386E+01          0.15802324E-02          0.33666707E-01          0.52312248E-03
                0.36279720E+01          0.15802324E-02          0.33666707E-01          0.52312248E-03
                0.36674055E+01          0.15802324E-02          0.33666707E-01          0.52312248E-03
                0.37068389E+01          0.15802324E-02          0.33666707E-01          0.52312248E-03
                0.37462723E+01          0.15802324E-02          0.33666707E-01          0.52312248E-03
                0.37857057E+01          0.15802324E-02          0.33666707E-01          0.52312248E-03
                0.38251392E+01          0.15802324E-02          0.33666707E-01          0.52312248E-03
                0.38645726E+01          0.15802324E-02          0.33666707E-01          0.52312248E-03
                0.39040060E+01          0.15802324E-02          0.33666707E-01          0.52312248E-03
                0.39434394E+01          0.15802324E-02          0.33666707E-01          0.52312248E-03
                0.39828729E+01          0.15802324E-02          0.33666707E-01          0.52312248E-03
                0.40223063E+01          0.15802324E-02          0.33666707E-01          0.52312248E-03
                0.40617397E+01          0.15802324E-02          0.33666707E-01          0.52312248E-03
                0.41011731E+01          0.15802324E-02          0.33666707E-01          0.52312248E-03
                0.41406066E+01          0.15802324E-02          0.33666707E-01          0.52312248E-03
                0.41800400E+01          0.15802324E-02          0.33666707E-01          0.52312248E-03
                0.42194734E+01          0.15802324E-02          0.33666707E-01          0.52312248E-03
                0.42589068E+01          0.15802324E-02          0.33666707E-01          0.52312248E-03
                0.42983403E+01          0.15802324E-02          0.33666707E-01          0.52312248E-03
                0.43377737E+01          0.15802324E-02          0.33666707E-01          0.52312248E-03
                0.43772071E+01          0.15802324E-02          0.33666707E-01          0.52312248E-03
                0.44166405E+01          0.15802324E-02          0.33666707E-01          0.52312248E-03
                0.44560740E+01          0.15802324E-02          0.33666707E-01          0.52312248E-03
                0.44955074E+01          0.15802324E-02          0.33666707E-01          0.52312248E-03
                0.45349408E+01          0.15802324E-02          0.33666707E-01          0.52312248E-03
                0.45743742E+01          0.15802324E-02          0.33666707E-01          0.52312248E-03
                0.46138077E+01          0.15802324E-02          0.33666707E-01          0.52312248E-03
                0.46532411E+01          0.15802324E-02          0.33666707E-01          0.52312248E-03
                0.46926745E+01          0.15802324E-02          0.33666707E-01          0.52312248E-03
                0.47321079E+01          0.15802324E-02          0.33666707E-01          0.52312248E-03
                0.47715414E+01          0.15802324E-02          0.33666707E-01          0.52312248E-03
                0.48109748E+01          0.15802324E-02          0.33666707E-01          0.52312248E-03
                0.48504082E+01          0.15802324E-02          0.33666707E-01          0.52312248E-03
                0.48898416E+01          0.15802324E-02          0.33666707E-01          0.52312248E-03
                0.49292751E+01          0.15802324E-02          0.33666707E-01          0.52312248E-03
                0.49687085E+01          0.15802324E-02          0.33666707E-01          0.52312248E-03
                0.50081419E+01          0.15802324E-02          0.33666707E-01          0.52312248E-03
                0.50475753E+01          0.15802324E-02          0.33666707E-01          0.52312248E-03
                0.50870088E+01          0.15802324E-02          0.33666707E-01          0.52312248E-03
                0.51264422E+01          0.15802324E-02          0.33666707E-01          0.52312248E-03
                0.51658756E+01          0.15802324E-02          0.33666707E-01          0.52312248E-03
                0.52053090E+01          0.15802324E-02          0.33666707E-01          0.52312248E-03
                0.52447425E+01          0.15802324E-02          0.33666707E-01          0.52312248E-03
                0.52841759E+01          0.15802324E-02          0.33666707E-01          0.52312248E-03
                0.53236093E+01          0.15802324E-02          0.33666707E-01          0.52312248E-03
                0.53630427E+01          0.15802324E-02          0.33666707E-01          0.52312248E-03
                0.54024762E+01          0.15802324E-02          0.33666706E-01          0.52312247E-03
                0.54419096E+01          0.15802323E-02          0.33666705E-01          0.52312245E-03
                0.54813430E+01          0.15802322E-02          0.33666703E-01          0.52312241E-03
                0.55207764E+01          0.15802319E-02          0.33666697E-01          0.52312233E-03
                0.55602099E+01          0.15802315E-02          0.33666687E-01          0.52312217E-03
                0.55996433E+01          0.15802305E-02          0.33666667E-01          0.52312186E-03
                0.56390767E+01          0.15802288E-02          0.33666630E-01          0.52312128E-03
                0.56785101E+01          0.15802256E-02          0.33666563E-01          0.52312024E-03
                0.57179436E+01          0.15802203E-02          0.33666449E-01          0.52311848E-03
                0.57573770E+01          0.15802117E-02          0.33666265E-01          0.52311562E-03
                0.57968104E+01          0.15801983E-02          0.33665980E-01          0.52311119E-03
                0.58362438E+01          0.15801783E-02          0.33665554E-01          0.52310457E-03
                0.58756773E+01          0.15801495E-02          0.33664940E-01          0.52309503E-03
                0.59151107E+01          0.15801092E-02          0.33664082E-01          0.52308169E-03
                0.59545441E+01          0.15800543E-02          0.33662913E-01          0.52306353E-03
                0.59939775E+01          0.15799814E-02          0.33661360E-01          0.52303940E-03
                0.60334110E+01          0.15798866E-02          0.33659340E-01          0.52300801E-03
                0.60728444E+01          0.15797655E-02          0.33656760E-01          0.52296792E-03
                0.61122778E+01          0.15796135E-02          0.33653521E-01          0.52291759E-03
                0.61517112E+01          0.15794254E-02          0.33649515E-01          0.52285535E-03
                0.61911447E+01          0.15791960E-02          0.33644627E-01          0.52277940E-03
                0.62305781E+01          0.15789194E-02          0.33638734E-01          0.52268783E-03
                0.62700115E+01          0.15785897E-02          0.33631709E-01          0.52257867E-03
                0.63094449E+01          0.15782005E-02          0.33623417E-01          0.52244983E-03
                0.63488784E+01          0.15777454E-02          0.33613722E-01          0.52229919E-03
                0.63883118E+01          0.15772180E-02          0.33602485E-01          0.52212458E-03
                0.64277452E+01          0.15766115E-02          0.33589565E-01          0.52192383E-03
                0.64671786E+01          0.15759195E-02          0.33574822E-01          0.52169474E-03
                0.65066121E+01          0.15751354E-02          0.33558116E-01          0.52143516E-03
                0.65460455E+01          0.15742526E-02          0.33539309E-01          0.52114293E-03
                0.65854789E+01          0.15732649E-02          0.33518265E-01          0.52081595E-03
                0.66249123E+01          0.15721659E-02          0.33494851E-01          0.52045214E-03
                0.66643458E+01          0.15709495E-02          0.33468936E-01          0.52004947E-03
                0.67037792E+01          0.15696098E-02          0.33440394E-01          0.51960596E-03
                0.67432126E+01          0.15681409E-02          0.33409098E-01          0.51911969E-03
                0.67826460E+01          0.15665371E-02          0.33374929E-01          0.51858876E-03
                0.68220795E+01          0.15647928E-02          0.33337768E-01          0.51801134E-03
                0.68615129E+01          0.15629027E-02          0.33297499E-01          0.51738563E-03
                0.69009463E+01          0.15608615E-02          0.33254011E-01          0.51670990E-03
                0.69403797E+01          0.15586640E-02          0.33207193E-01          0.51598243E-03
                0.69798132E+01          0.15563052E-02          0.33156940E-01          0.51520159E-03
                0.70192466E+01          0.15537803E-02          0.33103148E-01          0.51436575E-03
                0.70586800E+01          0.15510846E-02          0.33045716E-01          0.51347336E-03
                0.70981134E+01          0.15482135E-02          0.32984548E-01          0.51252291E-03
                0.71375469E+01          0.15451627E-02          0.32919551E-01          0.51151297E-03
                0.71769802E+01          0.15419279E-02          0.32850634E-01          0.51044212E-03
                0.72164133E+01          0.15385052E-02          0.32777712E-01          0.50930904E-03
                0.72558463E+01          0.15348905E-02          0.32700702E-01          0.50811243E-03
                0.72952792E+01          0.15310803E-02          0.32619526E-01          0.50685109E-03
                0.73347119E+01          0.15270710E-02          0.32534109E-01          0.50552386E-03
                0.73741444E+01          0.15228594E-02          0.32444381E-01          0.50412965E-03
                0.74135767E+01          0.15184424E-02          0.32350277E-01          0.50266743E-03
                0.74530089E+01          0.15138170E-02          0.32251734E-01          0.50113624E-03
                0.74924410E+01          0.15089807E-02          0.32148695E-01          0.49953520E-03
                0.75318728E+01          0.15039308E-02          0.32041109E-01          0.49786349E-03
                0.75713045E+01          0.14986652E-02          0.31928925E-01          0.49612035E-03
                0.76107360E+01          0.14931818E-02          0.31812102E-01          0.49430512E-03
                0.76501673E+01          0.14874787E-02          0.31690599E-01          0.49241717E-03
                0.76895985E+01          0.14815544E-02          0.31564382E-01          0.49045599E-03
                0.77290295E+01          0.14754075E-02          0.31433423E-01          0.48842110E-03
                0.77684603E+01          0.14690368E-02          0.31297696E-01          0.48631214E-03
                0.78078910E+01          0.14624415E-02          0.31157182E-01          0.48412879E-03
                0.78473215E+01          0.14556207E-02          0.31011866E-01          0.48187084E-03
                0.78867518E+01          0.14485741E-02          0.30861739E-01          0.47953812E-03
                0.79261819E+01          0.14413015E-02          0.30706796E-01          0.47713058E-03
                0.79656119E+01          0.14338028E-02          0.30547039E-01          0.47464823E-03
                0.80050417E+01          0.14260785E-02          0.30382472E-01          0.47209115E-03
                0.80444713E+01          0.14181290E-02          0.30213108E-01          0.46945952E-03
                0.80839007E+01          0.14099550E-02          0.30038962E-01          0.46675360E-03
                0.81233300E+01          0.14015576E-02          0.29860057E-01          0.46397371E-03
                0.81627591E+01          0.13929381E-02          0.29676418E-01          0.46112029E-03
                0.82021881E+01          0.13840979E-02          0.29488079E-01          0.45819382E-03
                0.82416169E+01          0.13750388E-02          0.29295076E-01          0.45519488E-03
                0.82810455E+01          0.13657628E-02          0.29097452E-01          0.45212414E-03
                0.83204739E+01          0.13562721E-02          0.28895254E-01          0.44898235E-03
                0.83599022E+01          0.13465694E-02          0.28688538E-01          0.44577033E-03
                0.83993304E+01          0.13366572E-02          0.28477360E-01          0.44248899E-03
                0.84387584E+01          0.13265386E-02          0.28261784E-01          0.43913932E-03
                0.84781862E+01          0.13162169E-02          0.28041881E-01          0.43572241E-03
                0.85176139E+01          0.13056956E-02          0.27817725E-01          0.43223940E-03
                0.85570415E+01          0.12949783E-02          0.27589395E-01          0.42869155E-03
                0.85964689E+01          0.12840692E-02          0.27356977E-01          0.42508018E-03
                0.86358962E+01          0.12729724E-02          0.27120561E-01          0.42140668E-03
                0.86753233E+01          0.12616924E-02          0.26880242E-01          0.41767253E-03
                0.87147504E+01          0.12502340E-02          0.26636121E-01          0.41387931E-03
                0.87541773E+01          0.12386020E-02          0.26388303E-01          0.41002865E-03
                0.87936041E+01          0.12268017E-02          0.26136899E-01          0.40612227E-03
                0.88330307E+01          0.12148386E-02          0.25882025E-01          0.40216196E-03
                0.88724573E+01          0.12027181E-02          0.25623800E-01          0.39814960E-03
                0.89118837E+01          0.11904463E-02          0.25362351E-01          0.39408712E-03
                0.89513101E+01          0.11780293E-02          0.25097806E-01          0.38997656E-03
                0.89907363E+01          0.11654732E-02          0.24830300E-01          0.38581998E-03
                0.90301625E+01          0.11527847E-02          0.24559973E-01          0.38161956E-03
                0.90695885E+01          0.11399705E-02          0.24286967E-01          0.37737752E-03
                0.91090145E+01          0.11270374E-02          0.24011430E-01          0.37309615E-03
                0.91484403E+01          0.11139927E-02          0.23733514E-01          0.36877781E-03
                0.91878661E+01          0.11008436E-02          0.23453373E-01          0.36442491E-03
                0.92272919E+01          0.10875977E-02          0.23171169E-01          0.36003995E-03
                0.92667175E+01          0.10742625E-02          0.22887064E-01          0.35562545E-03
                0.93061431E+01          0.10608460E-02          0.22601226E-01          0.35118402E-03
                0.93455687E+01          0.10473562E-02          0.22313828E-01          0.34671834E-03
                0.93849942E+01          0.10338013E-02          0.22025043E-01          0.34223114E-03
                0.94244197E+01          0.10201899E-02          0.21735053E-01          0.33772519E-03
                0.94638452E+01          0.10065305E-02          0.21444040E-01          0.33320335E-03
                0.95032706E+01          0.99283184E-03          0.21152192E-01          0.32866853E-03
                0.95426960E+01          0.97910294E-03          0.20859699E-01          0.32412370E-03
                0.95821215E+01          0.96535291E-03          0.20566756E-01          0.31957186E-03
                0.96215469E+01          0.95159102E-03          0.20273560E-01          0.31501611E-03
                0.96609723E+01          0.93782670E-03          0.19980312E-01          0.31045955E-03
                0.97003977E+01          0.92406953E-03          0.19687217E-01          0.30590535E-03
                0.97398231E+01          0.91032921E-03          0.19394481E-01          0.30135674E-03
                0.97792486E+01          0.89661559E-03          0.19102313E-01          0.29681696E-03
                0.98186741E+01          0.88293863E-03          0.18810927E-01          0.29228932E-03
                0.98580996E+01          0.86930840E-03          0.18520536E-01          0.28777715E-03
                0.98975251E+01          0.85573508E-03          0.18231358E-01          0.28328381E-03
                0.99369507E+01          0.84222893E-03          0.17943610E-01          0.27881272E-03
                0.99763764E+01          0.82880030E-03          0.17657515E-01          0.27436729E-03
                0.10015802E+02          0.81545963E-03          0.17373293E-01          0.26995097E-03
                0.10055228E+02          0.80221742E-03          0.17091169E-01          0.26556725E-03
                0.10094654E+02          0.78908421E-03          0.16811367E-01          0.26121961E-03
                0.10134079E+02          0.77607064E-03          0.16534114E-01          0.25691158E-03
                0.10173505E+02          0.76318735E-03          0.16259637E-01          0.25264668E-03
                0.10212931E+02          0.75044505E-03          0.15988163E-01          0.24842845E-03
                0.10252358E+02          0.73785449E-03          0.15719923E-01          0.24426045E-03
                0.10291784E+02          0.72542642E-03          0.15455144E-01          0.24014624E-03
                0.10331210E+02          0.71317163E-03          0.15194056E-01          0.23608940E-03
                0.10370637E+02          0.70110092E-03          0.14936891E-01          0.23209349E-03
                0.10410063E+02          0.68922510E-03          0.14683878E-01          0.22816210E-03
                0.10449490E+02          0.67755495E-03          0.14435247E-01          0.22429880E-03
                0.10488917E+02          0.66610125E-03          0.14191226E-01          0.22050715E-03
                0.10528344E+02          0.65487472E-03          0.13952046E-01          0.21679070E-03
                0.10567771E+02          0.64388604E-03          0.13717933E-01          0.21315299E-03
                0.10607199E+02          0.63314581E-03          0.13489114E-01          0.20959753E-03
                0.10646626E+02          0.62266457E-03          0.13265812E-01          0.20612780E-03
                0.10686054E+02          0.61245278E-03          0.13048251E-01          0.20274728E-03
                0.10725482E+02          0.60252081E-03          0.12836651E-01          0.19945938E-03
                0.10764910E+02          0.59287891E-03          0.12631231E-01          0.19626752E-03
                0.10804338E+02          0.58353724E-03          0.12432208E-01          0.19317504E-03
                0.10843767E+02          0.57450577E-03          0.12239793E-01          0.19018525E-03
                0.10883195E+02          0.56579436E-03          0.12054197E-01          0.18730141E-03
                0.10922624E+02          0.55741266E-03          0.11875626E-01          0.18452672E-03
                0.10962054E+02          0.54937013E-03          0.11704280E-01          0.18186430E-03
                0.11001483E+02          0.54167603E-03          0.11540359E-01          0.17931724E-03
                0.11040913E+02          0.53433941E-03          0.11384052E-01          0.17688851E-03
                0.11080342E+02          0.52736904E-03          0.11235549E-01          0.17458103E-03
                0.11119773E+02          0.52077347E-03          0.11095031E-01          0.17239762E-03
                0.11159203E+02          0.51456096E-03          0.10962674E-01          0.17034103E-03
                0.11198634E+02          0.50873951E-03          0.10838649E-01          0.16841388E-03
                0.11238065E+02          0.50331677E-03          0.10723118E-01          0.16661873E-03
                0.11277496E+02          0.49830011E-03          0.10616238E-01          0.16495801E-03
                0.11316928E+02          0.49369655E-03          0.10518160E-01          0.16343404E-03
                0.11356359E+02          0.48951277E-03          0.10429025E-01          0.16204904E-03
                0.11395791E+02          0.48575509E-03          0.10348968E-01          0.16080509E-03
                0.11435224E+02          0.48242947E-03          0.10278116E-01          0.15970417E-03
                0.11474657E+02          0.47954147E-03          0.10216587E-01          0.15874812E-03
                0.11514090E+02          0.47709629E-03          0.10164493E-01          0.15793867E-03
                0.11553523E+02          0.47509875E-03          0.10121936E-01          0.15727740E-03
                0.11592956E+02          0.47355325E-03          0.10089009E-01          0.15676577E-03
                0.11632390E+02          0.47246381E-03          0.10065798E-01          0.15640512E-03
                0.11671823E+02          0.47183408E-03          0.10052382E-01          0.15619665E-03
                0.11711257E+02          0.47166731E-03          0.10048829E-01          0.15614145E-03
                0.11750690E+02          0.47196640E-03          0.10055201E-01          0.15624046E-03
                0.11790124E+02          0.47273384E-03          0.10071551E-01          0.15649451E-03
                0.11829557E+02          0.47397170E-03          0.10097924E-01          0.15690430E-03
                0.11868990E+02          0.47568163E-03          0.10134354E-01          0.15747035E-03
                0.11908424E+02          0.47786486E-03          0.10180867E-01          0.15819310E-03
                0.11947857E+02          0.48052221E-03          0.10237482E-01          0.15907279E-03
                0.11987291E+02          0.48365409E-03          0.10304206E-01          0.16010957E-03
                0.12026724E+02          0.48726061E-03          0.10381043E-01          0.16130348E-03
                0.12066158E+02          0.49134161E-03          0.10467988E-01          0.16265446E-03
                0.12105591E+02          0.49589673E-03          0.10565035E-01          0.16416239E-03
                0.12145024E+02          0.50092550E-03          0.10672172E-01          0.16582712E-03
                0.12184458E+02          0.50642726E-03          0.10789387E-01          0.16764843E-03
                0.12223891E+02          0.51240118E-03          0.10916661E-01          0.16962605E-03
                0.12263325E+02          0.51884626E-03          0.11053972E-01          0.17175964E-03
                0.12302758E+02          0.52576120E-03          0.11201294E-01          0.17404877E-03
                0.12342191E+02          0.53314445E-03          0.11358594E-01          0.17649293E-03
                0.12381625E+02          0.54099423E-03          0.11525833E-01          0.17909153E-03
                0.12421058E+02          0.54930857E-03          0.11702969E-01          0.18184393E-03
                0.12460490E+02          0.55808532E-03          0.11889957E-01          0.18474939E-03
                0.12499923E+02          0.56732223E-03          0.12086748E-01          0.18780719E-03
                0.12539355E+02          0.57701699E-03          0.12293294E-01          0.19101656E-03
                0.12578787E+02          0.58716729E-03          0.12509546E-01          0.19437673E-03
                0.12618219E+02          0.59777078E-03          0.12735452E-01          0.19788693E-03
                0.12657650E+02          0.60882508E-03          0.12970963E-01          0.20154636E-03
                0.12697082E+02          0.62032774E-03          0.13216026E-01          0.20535422E-03
                0.12736513E+02          0.63227622E-03          0.13470587E-01          0.20930966E-03
                0.12775943E+02          0.64466786E-03          0.13734590E-01          0.21341181E-03
                0.12815374E+02          0.65749995E-03          0.14007977E-01          0.21765976E-03
                0.12854804E+02          0.67076971E-03          0.14290688E-01          0.22205260E-03
                0.12894234E+02          0.68447434E-03          0.14582663E-01          0.22658941E-03
                0.12933664E+02          0.69861105E-03          0.14883845E-01          0.23126924E-03
                0.12973094E+02          0.71317704E-03          0.15194172E-01          0.23609119E-03
                0.13012523E+02          0.72816955E-03          0.15513586E-01          0.24105433E-03
                0.13051952E+02          0.74358579E-03          0.15842028E-01          0.24615775E-03
                0.13091381E+02          0.75942294E-03          0.16179437E-01          0.25140050E-03
                0.13130809E+02          0.77567813E-03          0.16525752E-01          0.25678164E-03
                0.13170238E+02          0.79234842E-03          0.16880911E-01          0.26230020E-03
                0.13209666E+02          0.80943085E-03          0.17244850E-01          0.26795519E-03
                0.13249093E+02          0.82692237E-03          0.17617506E-01          0.27374561E-03
                0.13288521E+02          0.84481994E-03          0.17998812E-01          0.27967045E-03
                0.13327948E+02          0.86312046E-03          0.18388703E-01          0.28572868E-03
                0.13367375E+02          0.88182078E-03          0.18787111E-01          0.29191926E-03
                0.13406802E+02          0.90091770E-03          0.19193969E-01          0.29824114E-03
                0.13446228E+02          0.92040794E-03          0.19609207E-01          0.30469321E-03
                0.13485655E+02          0.94028814E-03          0.20032753E-01          0.31127439E-03
                0.13525081E+02          0.96055485E-03          0.20464534E-01          0.31798351E-03
                0.13564506E+02          0.98120454E-03          0.20904473E-01          0.32481941E-03
                0.13603932E+02          0.10022336E-02          0.21352495E-01          0.33178090E-03
                0.13643357E+02          0.10236383E-02          0.21808521E-01          0.33886675E-03
                0.13682782E+02          0.10454149E-02          0.22272470E-01          0.34607572E-03
                0.13722207E+02          0.10675596E-02          0.22744261E-01          0.35340653E-03
                0.13761631E+02          0.10900685E-02          0.23223810E-01          0.36085789E-03
                0.13801055E+02          0.11129374E-02          0.23711030E-01          0.36842846E-03
                0.13840479E+02          0.11361623E-02          0.24205834E-01          0.37611686E-03
                0.13879903E+02          0.11597388E-02          0.24708129E-01          0.38392166E-03
                0.13919326E+02          0.11836625E-02          0.25217821E-01          0.39184139E-03
                0.13958749E+02          0.12079287E-02          0.25734812E-01          0.39987453E-03
                0.13998172E+02          0.12325329E-02          0.26259000E-01          0.40801951E-03
                0.14037595E+02          0.12574700E-02          0.26790284E-01          0.41627475E-03
                0.14077017E+02          0.12827352E-02          0.27328557E-01          0.42463858E-03
                0.14116440E+02          0.13083234E-02          0.27873711E-01          0.43310934E-03
                0.14155861E+02          0.13342294E-02          0.28425635E-01          0.44168528E-03
                0.14195283E+02          0.13604478E-02          0.28984216E-01          0.45036465E-03
                0.14234705E+02          0.13869731E-02          0.29549335E-01          0.45914564E-03
                0.14274126E+02          0.14137997E-02          0.30120874E-01          0.46802637E-03
                0.14313547E+02          0.14409219E-02          0.30698709E-01          0.47700493E-03
                0.14352968E+02          0.14683336E-02          0.31282714E-01          0.48607935E-03
                0.14392388E+02          0.14960288E-02          0.31872757E-01          0.49524760E-03
                0.14431808E+02          0.15240011E-02          0.32468705E-01          0.50450761E-03
                0.14471228E+02          0.15522442E-02          0.33070421E-01          0.51385723E-03
                0.14510648E+02          0.15807513E-02          0.33677763E-01          0.52329427E-03
                0.14550068E+02          0.16095158E-02          0.34290587E-01          0.53281650E-03
                0.14589487E+02          0.16385306E-02          0.34908744E-01          0.54242160E-03
                0.14628906E+02          0.16677886E-02          0.35532084E-01          0.55210722E-03
                0.14668325E+02          0.16972826E-02          0.36160452E-01          0.56187097E-03
                0.14707744E+02          0.17270052E-02          0.36793689E-01          0.57171038E-03
                0.14747163E+02          0.17569488E-02          0.37431634E-01          0.58162295E-03
                0.14786581E+02          0.17871056E-02          0.38074123E-01          0.59160611E-03
                0.14825999E+02          0.18174678E-02          0.38720986E-01          0.60165725E-03
                0.14865417E+02          0.18480273E-02          0.39372052E-01          0.61177370E-03
                0.14904835E+02          0.18787758E-02          0.40027147E-01          0.62195274E-03
                0.14944253E+02          0.19097050E-02          0.40686092E-01          0.63219160E-03
                0.14983670E+02          0.19408065E-02          0.41348706E-01          0.64248748E-03
                0.15023087E+02          0.19720715E-02          0.42014804E-01          0.65283750E-03
                0.15062504E+02          0.20034913E-02          0.42684200E-01          0.66323875E-03
                0.15101921E+02          0.20350570E-02          0.43356703E-01          0.67368828E-03
                0.15141338E+02          0.20667593E-02          0.44032119E-01          0.68418308E-03
                0.15180754E+02          0.20985891E-02          0.44710250E-01          0.69472007E-03
                0.15220171E+02          0.21305370E-02          0.45390897E-01          0.70529614E-03
                0.15259587E+02          0.21625934E-02          0.46073855E-01          0.71590814E-03
                0.15299003E+02          0.21947486E-02          0.46758918E-01          0.72655283E-03
                0.15338419E+02          0.22269927E-02          0.47445877E-01          0.73722699E-03
                0.15377834E+02          0.22593160E-02          0.48134522E-01          0.74792734E-03
                0.15417250E+02          0.22917086E-02          0.48824643E-01          0.75865063E-03
                0.15456665E+02          0.23241606E-02          0.49516030E-01          0.76939359E-03
                0.15496080E+02          0.23566624E-02          0.50208478E-01          0.78015304E-03
                0.15535495E+02          0.23892046E-02          0.50901786E-01          0.79092584E-03
                0.15574910E+02          0.24217779E-02          0.51595757E-01          0.80170896E-03
                0.15614325E+02          0.24543736E-02          0.52290206E-01          0.81249949E-03
                0.15653740E+02          0.24869833E-02          0.52984952E-01          0.82329465E-03
                0.15693154E+02          0.25195990E-02          0.53679828E-01          0.83409181E-03
                0.15732569E+02          0.25522133E-02          0.54374672E-01          0.84488849E-03
                0.15771983E+02          0.25848191E-02          0.55069335E-01          0.85568237E-03
                0.15811397E+02          0.26174099E-02          0.55763680E-01          0.86647128E-03
                0.15850812E+02          0.26499797E-02          0.56457577E-01          0.87725324E-03
                0.15890226E+02          0.26825231E-02          0.57150910E-01          0.88802643E-03
                0.15929640E+02          0.27150350E-02          0.57843573E-01          0.89878923E-03
                0.15969054E+02          0.27475111E-02          0.58535474E-01          0.90954017E-03
                0.16008468E+02          0.27799475E-02          0.59226529E-01          0.92027797E-03
                0.16047882E+02          0.28123408E-02          0.59916664E-01          0.93100149E-03
                0.16087296E+02          0.28446880E-02          0.60605818E-01          0.94170974E-03
                0.16126711E+02          0.28769864E-02          0.61293933E-01          0.95240186E-03
                0.16166125E+02          0.29092337E-02          0.61980959E-01          0.96307707E-03
                0.16205539E+02          0.29414279E-02          0.62666853E-01          0.97373466E-03
                0.16244953E+02          0.29735669E-02          0.63351572E-01          0.98437401E-03
                0.16284367E+02          0.30056490E-02          0.64035077E-01          0.99499451E-03
                0.16323781E+02          0.30376723E-02          0.64717332E-01          0.10055956E-02
                0.16363195E+02          0.30696353E-02          0.65398300E-01          0.10161766E-02
                0.16402609E+02          0.31015362E-02          0.66077945E-01          0.10267371E-02
                0.16442023E+02          0.31333732E-02          0.66756231E-01          0.10372765E-02
                0.16481437E+02          0.31651448E-02          0.67433122E-01          0.10477943E-02
                0.16520851E+02          0.31968492E-02          0.68108581E-01          0.10582897E-02
                0.16560265E+02          0.32284848E-02          0.68782574E-01          0.10687624E-02
                0.16599680E+02          0.32600498E-02          0.69455063E-01          0.10792117E-02
                0.16639094E+02          0.32915426E-02          0.70126014E-01          0.10896371E-02
                0.16678508E+02          0.33229615E-02          0.70795391E-01          0.11000381E-02
                0.16717922E+02          0.33543049E-02          0.71463161E-01          0.11104141E-02
                0.16757336E+02          0.33855714E-02          0.72129290E-01          0.11207646E-02
                0.16796750E+02          0.34167593E-02          0.72793745E-01          0.11310891E-02
                0.16836164E+02          0.34478672E-02          0.73456496E-01          0.11413871E-02
                0.16875578E+02          0.34788935E-02          0.74117509E-01          0.11516581E-02
                0.16914992E+02          0.35098369E-02          0.74776755E-01          0.11619016E-02
                0.16954406E+02          0.35406958E-02          0.75434202E-01          0.11721172E-02
                0.16993821E+02          0.35714689E-02          0.76089819E-01          0.11823044E-02
                0.17033235E+02          0.36021547E-02          0.76743577E-01          0.11924627E-02
                0.17072649E+02          0.36327518E-02          0.77395447E-01          0.12025916E-02
                0.17112063E+02          0.36632590E-02          0.78045398E-01          0.12126907E-02
                0.17151477E+02          0.36936747E-02          0.78693402E-01          0.12227596E-02
                0.17190891E+02          0.37239977E-02          0.79339432E-01          0.12327977E-02
                0.17230306E+02          0.37542268E-02          0.79983459E-01          0.12428048E-02
                0.17269720E+02          0.37843605E-02          0.80625456E-01          0.12527803E-02
                0.17309134E+02          0.38143978E-02          0.81265397E-01          0.12627239E-02
                0.17348548E+02          0.38443372E-02          0.81903254E-01          0.12726351E-02
                0.17387963E+02          0.38741776E-02          0.82539001E-01          0.12825135E-02
                0.17427377E+02          0.39039178E-02          0.83172614E-01          0.12923588E-02
                0.17466791E+02          0.39335566E-02          0.83804064E-01          0.13021704E-02
                0.17506206E+02          0.39630927E-02          0.84433328E-01          0.13119481E-02
                0.17545620E+02          0.39925250E-02          0.85060381E-01          0.13216914E-02
                0.17585035E+02          0.40218524E-02          0.85685198E-01          0.13314000E-02
                0.17624449E+02          0.40510737E-02          0.86307756E-01          0.13410735E-02
                0.17663864E+02          0.40801879E-02          0.86928031E-01          0.13507115E-02
                0.17703278E+02          0.41091939E-02          0.87546000E-01          0.13603136E-02
                0.17742693E+02          0.41380905E-02          0.88161642E-01          0.13698796E-02
                0.17782108E+02          0.41668769E-02          0.88774932E-01          0.13794091E-02
                0.17821522E+02          0.41955518E-02          0.89385849E-01          0.13889017E-02
                0.17860937E+02          0.42241143E-02          0.89994370E-01          0.13983571E-02
                0.17900352E+02          0.42525633E-02          0.90600474E-01          0.14077749E-02
                0.17939767E+02          0.42808979E-02          0.91204139E-01          0.14171548E-02
                0.17979182E+02          0.43091169E-02          0.91805343E-01          0.14264965E-02
                0.18018597E+02          0.43372196E-02          0.92404067E-01          0.14357996E-02
                0.18058012E+02          0.43652048E-02          0.93000290E-01          0.14450639E-02
                0.18097427E+02          0.43930717E-02          0.93593992E-01          0.14542890E-02
                0.18136842E+02          0.44208194E-02          0.94185153E-01          0.14634746E-02
                0.18176257E+02          0.44484468E-02          0.94773754E-01          0.14726205E-02
                0.18215672E+02          0.44759532E-02          0.95359776E-01          0.14817262E-02
                0.18255087E+02          0.45033376E-02          0.95943197E-01          0.14907916E-02
                0.18294502E+02          0.45305991E-02          0.96524000E-01          0.14998163E-02
                0.18333918E+02          0.45577367E-02          0.97102165E-01          0.15087999E-02
                0.18373333E+02          0.45847497E-02          0.97677674E-01          0.15177424E-02
                0.18412748E+02          0.46116371E-02          0.98250507E-01          0.15266432E-02
                0.18452164E+02          0.46383981E-02          0.98820648E-01          0.15355022E-02
                0.18491579E+02          0.46650319E-02          0.99388079E-01          0.15443191E-02
                0.18530995E+02          0.46915377E-02          0.99952782E-01          0.15530936E-02
                0.18570411E+02          0.47179146E-02          0.10051474E+00          0.15618255E-02
                0.18609826E+02          0.47441620E-02          0.10107394E+00          0.15705145E-02
                0.18649242E+02          0.47702790E-02          0.10163036E+00          0.15791603E-02
                0.18688658E+02          0.47962648E-02          0.10218398E+00          0.15877626E-02
                0.18728074E+02          0.48221187E-02          0.10273480E+00          0.15963214E-02
                0.18767490E+02          0.48478399E-02          0.10328279E+00          0.16048361E-02
                0.18806906E+02          0.48734276E-02          0.10382793E+00          0.16133067E-02
                0.18846322E+02          0.48988812E-02          0.10437022E+00          0.16217329E-02
                0.18885738E+02          0.49241998E-02          0.10490963E+00          0.16301144E-02
                0.18925154E+02          0.49493828E-02          0.10544615E+00          0.16384511E-02
                0.18964571E+02          0.49744295E-02          0.10597977E+00          0.16467426E-02
                0.19003987E+02          0.49993392E-02          0.10651047E+00          0.16549887E-02
                0.19043404E+02          0.50241112E-02          0.10703823E+00          0.16631893E-02
                0.19082820E+02          0.50487449E-02          0.10756305E+00          0.16713440E-02
                0.19122237E+02          0.50732395E-02          0.10808490E+00          0.16794527E-02
                0.19161653E+02          0.50975944E-02          0.10860378E+00          0.16875152E-02
                0.19201070E+02          0.51218090E-02          0.10911967E+00          0.16955313E-02
                0.19240487E+02          0.51458825E-02          0.10963256E+00          0.17035006E-02
                0.19279904E+02          0.51698145E-02          0.11014243E+00          0.17114231E-02
                0.19319321E+02          0.51936043E-02          0.11064927E+00          0.17192985E-02
                0.19358738E+02          0.52172512E-02          0.11115306E+00          0.17271266E-02
                0.19398155E+02          0.52407547E-02          0.11165380E+00          0.17349072E-02
                0.19437572E+02          0.52641141E-02          0.11215147E+00          0.17426402E-02
                0.19476990E+02          0.52873290E-02          0.11264606E+00          0.17503252E-02
                0.19516407E+02          0.53103986E-02          0.11313756E+00          0.17579623E-02
                0.19555824E+02          0.53333225E-02          0.11362595E+00          0.17655510E-02
                0.19595242E+02          0.53561000E-02          0.11411122E+00          0.17730913E-02
                0.19634660E+02          0.53787305E-02          0.11459336E+00          0.17805830E-02
                0.19674077E+02          0.54012136E-02          0.11507236E+00          0.17880258E-02
                0.19713495E+02          0.54235487E-02          0.11554821E+00          0.17954196E-02
                0.19752913E+02          0.54457352E-02          0.11602089E+00          0.18027643E-02
                0.19792331E+02          0.54677725E-02          0.11649039E+00          0.18100595E-02
                0.19831749E+02          0.54896602E-02          0.11695671E+00          0.18173053E-02
                0.19871167E+02          0.55113977E-02          0.11741983E+00          0.18245013E-02
                0.19910585E+02          0.55329846E-02          0.11787973E+00          0.18316474E-02
                0.19950004E+02          0.55544202E-02          0.11833642E+00          0.18387435E-02
                0.19989422E+02          0.55757041E-02          0.11878987E+00          0.18457894E-02
                0.20028841E+02          0.55968358E-02          0.11924008E+00          0.18527849E-02
                0.20068259E+02          0.56178148E-02          0.11968703E+00          0.18597298E-02
                0.20107678E+02          0.56386406E-02          0.12013072E+00          0.18666240E-02
                0.20147097E+02          0.56593127E-02          0.12057114E+00          0.18734673E-02
                0.20186516E+02          0.56798306E-02          0.12100827E+00          0.18802596E-02
                0.20225935E+02          0.57001939E-02          0.12144211E+00          0.18870007E-02
                0.20265354E+02          0.57204020E-02          0.12187264E+00          0.18936904E-02
                0.20304773E+02          0.57404546E-02          0.12229986E+00          0.19003286E-02
                0.20344192E+02          0.57603512E-02          0.12272376E+00          0.19069152E-02
                0.20383611E+02          0.57800913E-02          0.12314432E+00          0.19134500E-02
                0.20423031E+02          0.57996745E-02          0.12356154E+00          0.19199329E-02
                0.20462450E+02          0.58191004E-02          0.12397540E+00          0.19263637E-02
                0.20501870E+02          0.58383686E-02          0.12438591E+00          0.19327422E-02
                0.20541290E+02          0.58574786E-02          0.12479305E+00          0.19390684E-02
                0.20580709E+02          0.58764301E-02          0.12519681E+00          0.19453421E-02
                0.20620129E+02          0.58952225E-02          0.12559718E+00          0.19515632E-02
                0.20659549E+02          0.59138555E-02          0.12599415E+00          0.19577315E-02
                0.20698970E+02          0.59323288E-02          0.12638772E+00          0.19638470E-02
                0.20738390E+02          0.59506419E-02          0.12677788E+00          0.19699093E-02
                0.20777810E+02          0.59687944E-02          0.12716462E+00          0.19759186E-02
                0.20817231E+02          0.59867859E-02          0.12754793E+00          0.19818745E-02
                0.20856651E+02          0.60046162E-02          0.12792780E+00          0.19877771E-02
                0.20896072E+02          0.60222847E-02          0.12830423E+00          0.19936261E-02
                0.20935492E+02          0.60397911E-02          0.12867720E+00          0.19994214E-02
                0.20974913E+02          0.60571351E-02          0.12904671E+00          0.20051630E-02
                0.21014334E+02          0.60743163E-02          0.12941276E+00          0.20108507E-02
                0.21053755E+02          0.60913343E-02          0.12977532E+00          0.20164844E-02
                0.21093177E+02          0.61081889E-02          0.13013441E+00          0.20220639E-02
                0.21132598E+02          0.61248795E-02          0.13049000E+00          0.20275892E-02
                0.21172019E+02          0.61414060E-02          0.13084210E+00          0.20330602E-02
                0.21211441E+02          0.61577679E-02          0.13119068E+00          0.20384767E-02
                0.21250862E+02          0.61739650E-02          0.13153576E+00          0.20438386E-02
                0.21290284E+02          0.61899968E-02          0.13187732E+00          0.20491458E-02
                0.21329706E+02          0.62058631E-02          0.13221535E+00          0.20543982E-02
                0.21369128E+02          0.62215636E-02          0.13254985E+00          0.20595957E-02
                0.21408550E+02          0.62370979E-02          0.13288080E+00          0.20647382E-02
                0.21447972E+02          0.62524658E-02          0.13320821E+00          0.20698256E-02
                0.21487394E+02          0.62676669E-02          0.13353207E+00          0.20748578E-02
                0.21526816E+02          0.62827009E-02          0.13385237E+00          0.20798347E-02
                0.21566239E+02          0.62975677E-02          0.13416911E+00          0.20847562E-02
                0.21605661E+02          0.63122668E-02          0.13448227E+00          0.20896222E-02
                0.21645084E+02          0.63267981E-02          0.13479186E+00          0.20944327E-02
                0.21684507E+02          0.63411613E-02          0.13509786E+00          0.20991875E-02
                0.21723930E+02          0.63553561E-02          0.13540028E+00          0.21038866E-02
                0.21763353E+02          0.63693823E-02          0.13569911E+00          0.21085298E-02
                0.21802776E+02          0.63832396E-02          0.13599434E+00          0.21131171E-02
                0.21842199E+02          0.63969278E-02          0.13628596E+00          0.21176485E-02
                0.21881622E+02          0.64104467E-02          0.13657398E+00          0.21221238E-02
                0.21921045E+02          0.64237960E-02          0.13685839E+00          0.21265430E-02
                0.21960469E+02          0.64369754E-02          0.13713917E+00          0.21309059E-02
                0.21999892E+02          0.64499848E-02          0.13741634E+00          0.21352126E-02
                0.22039316E+02          0.64628240E-02          0.13768988E+00          0.21394629E-02
                0.22078740E+02          0.64754926E-02          0.13795978E+00          0.21436567E-02
                0.22118164E+02          0.64879905E-02          0.13822605E+00          0.21477940E-02
                0.22157588E+02          0.65003174E-02          0.13848867E+00          0.21518747E-02
                0.22197012E+02          0.65124731E-02          0.13874765E+00          0.21558988E-02
                0.22236436E+02          0.65244574E-02          0.13900297E+00          0.21598661E-02
                0.22275861E+02          0.65362701E-02          0.13925464E+00          0.21637766E-02
                0.22315285E+02          0.65479110E-02          0.13950265E+00          0.21676302E-02
                0.22354710E+02          0.65593799E-02          0.13974699E+00          0.21714269E-02
                0.22394134E+02          0.65706765E-02          0.13998766E+00          0.21751665E-02
                0.22433559E+02          0.65818008E-02          0.14022467E+00          0.21788491E-02
                0.22472984E+02          0.65927525E-02          0.14045799E+00          0.21824746E-02
                0.22512409E+02          0.66035315E-02          0.14068764E+00          0.21860429E-02
                0.22551834E+02          0.66141375E-02          0.14091360E+00          0.21895539E-02
                0.22591259E+02          0.66245705E-02          0.14113587E+00          0.21930077E-02
                0.22630685E+02          0.66348302E-02          0.14135445E+00          0.21964040E-02
                0.22670110E+02          0.66449164E-02          0.14156934E+00          0.21997430E-02
                0.22709536E+02          0.66548290E-02          0.14178053E+00          0.22030245E-02
                0.22748962E+02          0.66645679E-02          0.14198801E+00          0.22062485E-02
                0.22788387E+02          0.66741328E-02          0.14219179E+00          0.22094148E-02
                0.22827813E+02          0.66835236E-02          0.14239186E+00          0.22125236E-02
                0.22867239E+02          0.66927401E-02          0.14258822E+00          0.22155747E-02
                0.22906666E+02          0.67017823E-02          0.14278086E+00          0.22185680E-02
                0.22946092E+02          0.67106499E-02          0.14296978E+00          0.22215035E-02
                0.22985518E+02          0.67193428E-02          0.14315499E+00          0.22243813E-02
                0.23024945E+02          0.67278610E-02          0.14333646E+00          0.22272011E-02
                0.23064371E+02          0.67362042E-02          0.14351422E+00          0.22299631E-02
                0.23103798E+02          0.67443724E-02          0.14368824E+00          0.22326671E-02
                0.23143225E+02          0.67523654E-02          0.14385853E+00          0.22353131E-02
                0.23182652E+02          0.67601831E-02          0.14402508E+00          0.22379011E-02
                0.23222079E+02          0.67678254E-02          0.14418790E+00          0.22404310E-02
                0.23261507E+02          0.67752922E-02          0.14434698E+00          0.22429028E-02
                0.23300934E+02          0.67825834E-02          0.14450232E+00          0.22453165E-02
                0.23340361E+02          0.67896988E-02          0.14465391E+00          0.22476720E-02
                0.23379789E+02          0.67966383E-02          0.14480176E+00          0.22499693E-02
                0.23419217E+02          0.68034019E-02          0.14494586E+00          0.22522083E-02
                0.23458645E+02          0.68099894E-02          0.14508620E+00          0.22543890E-02
                0.23498073E+02          0.68164007E-02          0.14522279E+00          0.22565114E-02
                0.23537501E+02          0.68226356E-02          0.14535563E+00          0.22585755E-02
                0.23576929E+02          0.68286942E-02          0.14548471E+00          0.22605811E-02
                0.23616358E+02          0.68345762E-02          0.14561002E+00          0.22625283E-02
                0.23655786E+02          0.68402817E-02          0.14573158E+00          0.22644170E-02
                0.23695215E+02          0.68458104E-02          0.14584937E+00          0.22662473E-02
                0.23734643E+02          0.68511624E-02          0.14596339E+00          0.22680190E-02
                0.23774072E+02          0.68563376E-02          0.14607365E+00          0.22697322E-02
                0.23813501E+02          0.68613360E-02          0.14618014E+00          0.22713869E-02
                0.23852931E+02          0.68661576E-02          0.14628286E+00          0.22729830E-02
                0.23892360E+02          0.68708024E-02          0.14638182E+00          0.22745206E-02
                0.23931789E+02          0.68752703E-02          0.14647701E+00          0.22759997E-02
                0.23971219E+02          0.68795614E-02          0.14656843E+00          0.22774202E-02
                0.24010649E+02          0.68836755E-02          0.14665608E+00          0.22787822E-02
                0.24050078E+02          0.68876128E-02          0.14673996E+00          0.22800856E-02
                0.24089508E+02          0.68913729E-02          0.14682007E+00          0.22813304E-02
                0.24128938E+02          0.68949561E-02          0.14689641E+00          0.22825165E-02
                0.24168368E+02          0.68983620E-02          0.14696897E+00          0.22836440E-02
                0.24207798E+02          0.69015908E-02          0.14703776E+00          0.22847129E-02
                0.24247228E+02          0.69046425E-02          0.14710278E+00          0.22857231E-02
                0.24286659E+02          0.69075169E-02          0.14716402E+00          0.22866747E-02
                0.24326089E+02          0.69102140E-02          0.14722148E+00          0.22875675E-02
                0.24365519E+02          0.69127340E-02          0.14727517E+00          0.22884017E-02
                0.24404950E+02          0.69150767E-02          0.14732508E+00          0.22891773E-02
                0.24444381E+02          0.69172421E-02          0.14737121E+00          0.22898941E-02
                0.24483811E+02          0.69192303E-02          0.14741357E+00          0.22905523E-02
                0.24523242E+02          0.69210411E-02          0.14745215E+00          0.22911518E-02
                0.24562673E+02          0.69226748E-02          0.14748696E+00          0.22916926E-02
                0.24602104E+02          0.69241313E-02          0.14751799E+00          0.22921747E-02
                0.24641535E+02          0.69254106E-02          0.14754524E+00          0.22925982E-02
                0.24680966E+02          0.69265129E-02          0.14756873E+00          0.22929631E-02
                0.24720398E+02          0.69274382E-02          0.14758844E+00          0.22932695E-02
                0.24759829E+02          0.69281867E-02          0.14760439E+00          0.22935172E-02
                0.24799260E+02          0.69287584E-02          0.14761657E+00          0.22937065E-02
                0.24838692E+02          0.69291533E-02          0.14762498E+00          0.22938372E-02
                0.24878124E+02          0.69293717E-02          0.14762963E+00          0.22939095E-02
                0.24917555E+02          0.69294136E-02          0.14763053E+00          0.22939234E-02
                0.24956987E+02          0.69292790E-02          0.14762766E+00          0.22938788E-02
                0.24996419E+02          0.69289681E-02          0.14762103E+00          0.22937759E-02
                0.25035851E+02          0.69284808E-02          0.14761065E+00          0.22936146E-02
                0.25075283E+02          0.69278172E-02          0.14759651E+00          0.22933949E-02
                0.25114716E+02          0.69269774E-02          0.14757862E+00          0.22931169E-02
                0.25154148E+02          0.69259613E-02          0.14755697E+00          0.22927805E-02
                0.25193580E+02          0.69247691E-02          0.14753157E+00          0.22923859E-02
                0.25233013E+02          0.69234008E-02          0.14750242E+00          0.22919329E-02
                0.25272446E+02          0.69218565E-02          0.14746952E+00          0.22914217E-02
                0.25311878E+02          0.69201363E-02          0.14743287E+00          0.22908522E-02
                0.25351311E+02          0.69182402E-02          0.14739248E+00          0.22902245E-02
                0.25390744E+02          0.69161685E-02          0.14734834E+00          0.22895387E-02
                0.25430177E+02          0.69139212E-02          0.14730046E+00          0.22887948E-02
                0.25469610E+02          0.69114986E-02          0.14724885E+00          0.22879928E-02
                0.25509044E+02          0.69089006E-02          0.14719350E+00          0.22871327E-02
                0.25548477E+02          0.69061275E-02          0.14713442E+00          0.22862147E-02
                0.25587910E+02          0.69031793E-02          0.14707161E+00          0.22852388E-02
                0.25627344E+02          0.69000562E-02          0.14700507E+00          0.22842049E-02
                0.25666777E+02          0.68967583E-02          0.14693481E+00          0.22831131E-02
                0.25706211E+02          0.68932857E-02          0.14686082E+00          0.22819635E-02
                0.25745645E+02          0.68896386E-02          0.14678312E+00          0.22807562E-02
                0.25785079E+02          0.68858171E-02          0.14670170E+00          0.22794911E-02
                0.25824513E+02          0.68818213E-02          0.14661658E+00          0.22781684E-02
                0.25863947E+02          0.68776514E-02          0.14652774E+00          0.22767880E-02
                0.25903381E+02          0.68733074E-02          0.14643519E+00          0.22753499E-02
                0.25942815E+02          0.68687895E-02          0.14633893E+00          0.22738543E-02
                0.25982250E+02          0.68640978E-02          0.14623898E+00          0.22723011E-02
                0.26021684E+02          0.68592323E-02          0.14613532E+00          0.22706905E-02
                0.26061118E+02          0.68541932E-02          0.14602796E+00          0.22690223E-02
                0.26100553E+02          0.68489808E-02          0.14591691E+00          0.22672968E-02
                0.26139987E+02          0.68435952E-02          0.14580217E+00          0.22655140E-02
                0.26179422E+02          0.68380367E-02          0.14568375E+00          0.22636738E-02
                0.26218856E+02          0.68323054E-02          0.14556164E+00          0.22617765E-02
                0.26258290E+02          0.68264016E-02          0.14543586E+00          0.22598221E-02
                0.26297724E+02          0.68203255E-02          0.14530641E+00          0.22578107E-02
                0.26337158E+02          0.68140772E-02          0.14517329E+00          0.22557423E-02
                0.26376592E+02          0.68076571E-02          0.14503651E+00          0.22536169E-02
                0.26416026E+02          0.68010653E-02          0.14489608E+00          0.22514348E-02
                0.26455459E+02          0.67943018E-02          0.14475198E+00          0.22491958E-02
                0.26494893E+02          0.67873670E-02          0.14460423E+00          0.22469001E-02
                0.26534326E+02          0.67802609E-02          0.14445284E+00          0.22445476E-02
                0.26573759E+02          0.67729836E-02          0.14429780E+00          0.22421386E-02
                0.26613192E+02          0.67655354E-02          0.14413912E+00          0.22396729E-02
                0.26652625E+02          0.67579165E-02          0.14397679E+00          0.22371507E-02
                0.26692058E+02          0.67501269E-02          0.14381084E+00          0.22345721E-02
                0.26731491E+02          0.67421669E-02          0.14364125E+00          0.22319370E-02
                0.26770923E+02          0.67340366E-02          0.14346804E+00          0.22292455E-02
                0.26810356E+02          0.67257362E-02          0.14329120E+00          0.22264977E-02
                0.26849788E+02          0.67172659E-02          0.14311074E+00          0.22236937E-02
                0.26889220E+02          0.67086259E-02          0.14292666E+00          0.22208335E-02
                0.26928652E+02          0.66998165E-02          0.14273898E+00          0.22179172E-02
                0.26968084E+02          0.66908379E-02          0.14254769E+00          0.22149449E-02
                0.27007516E+02          0.66816904E-02          0.14235281E+00          0.22119167E-02
                0.27046948E+02          0.66723743E-02          0.14215433E+00          0.22088327E-02
                0.27086379E+02          0.66628900E-02          0.14195226E+00          0.22056930E-02
                0.27125811E+02          0.66532376E-02          0.14174662E+00          0.22024977E-02
                0.27165242E+02          0.66434175E-02          0.14153740E+00          0.21992468E-02
                0.27204673E+02          0.66334299E-02          0.14132462E+00          0.21959405E-02
                0.27244104E+02          0.66232751E-02          0.14110827E+00          0.21925789E-02
                0.27283535E+02          0.66129535E-02          0.14088837E+00          0.21891620E-02
                0.27322966E+02          0.66024652E-02          0.14066492E+00          0.21856899E-02
                0.27362397E+02          0.65918106E-02          0.14043792E+00          0.21821628E-02
                0.27401828E+02          0.65809900E-02          0.14020739E+00          0.21785807E-02
                0.27441258E+02          0.65700037E-02          0.13997333E+00          0.21749438E-02
                0.27480688E+02          0.65588521E-02          0.13973574E+00          0.21712521E-02
                0.27520119E+02          0.65475353E-02          0.13949464E+00          0.21675058E-02
                0.27559549E+02          0.65360538E-02          0.13925003E+00          0.21637050E-02
                0.27598979E+02          0.65244079E-02          0.13900192E+00          0.21598497E-02
                0.27638408E+02          0.65125979E-02          0.13875031E+00          0.21559401E-02
                0.27677838E+02          0.65006243E-02          0.13849521E+00          0.21519763E-02
                0.27717268E+02          0.64884872E-02          0.13823663E+00          0.21479585E-02
                0.27756697E+02          0.64761872E-02          0.13797458E+00          0.21438866E-02
                0.27796127E+02          0.64637245E-02          0.13770906E+00          0.21397610E-02
                0.27835556E+02          0.64510995E-02          0.13744009E+00          0.21355816E-02
                0.27874985E+02          0.64383126E-02          0.13716766E+00          0.21313486E-02
                0.27914414E+02          0.64253641E-02          0.13689180E+00          0.21270621E-02
                0.27953843E+02          0.64122544E-02          0.13661250E+00          0.21227222E-02
                0.27993272E+02          0.63989839E-02          0.13632977E+00          0.21183292E-02
                0.28032700E+02          0.63855530E-02          0.13604362E+00          0.21138830E-02
                0.28072129E+02          0.63719619E-02          0.13575407E+00          0.21093838E-02
                0.28111557E+02          0.63582113E-02          0.13546111E+00          0.21048317E-02
                0.28150986E+02          0.63443014E-02          0.13516476E+00          0.21002270E-02
                0.28190414E+02          0.63302327E-02          0.13486503E+00          0.20955696E-02
                0.28229842E+02          0.63160056E-02          0.13456192E+00          0.20908599E-02
                0.28269270E+02          0.63016205E-02          0.13425545E+00          0.20860978E-02
                0.28308698E+02          0.62870779E-02          0.13394562E+00          0.20812836E-02
                0.28348125E+02          0.62723782E-02          0.13363245E+00          0.20764174E-02
                0.28387553E+02          0.62575218E-02          0.13331593E+00          0.20714993E-02
                0.28426980E+02          0.62425092E-02          0.13299609E+00          0.20665295E-02
                0.28466408E+02          0.62273409E-02          0.13267293E+00          0.20615082E-02
                0.28505835E+02          0.62120172E-02          0.13234646E+00          0.20564354E-02
                0.28545262E+02          0.61965388E-02          0.13201669E+00          0.20513114E-02
                0.28584689E+02          0.61809061E-02          0.13168364E+00          0.20461363E-02
                0.28624116E+02          0.61651195E-02          0.13134731E+00          0.20409103E-02
                0.28663543E+02          0.61491796E-02          0.13100771E+00          0.20356336E-02
                0.28702969E+02          0.61330868E-02          0.13066486E+00          0.20303062E-02
                0.28742396E+02          0.61168417E-02          0.13031876E+00          0.20249284E-02
                0.28781822E+02          0.61004449E-02          0.12996942E+00          0.20195003E-02
                0.28821249E+02          0.60838967E-02          0.12961686E+00          0.20140222E-02
                0.28860675E+02          0.60671977E-02          0.12926109E+00          0.20084941E-02
                0.28900101E+02          0.60503484E-02          0.12890212E+00          0.20029163E-02
                0.28939527E+02          0.60333493E-02          0.12853996E+00          0.19972889E-02
                0.28978953E+02          0.60162010E-02          0.12817461E+00          0.19916121E-02
                0.29018379E+02          0.59989040E-02          0.12780610E+00          0.19858861E-02
                0.29057805E+02          0.59814589E-02          0.12743444E+00          0.19801111E-02
                0.29097230E+02          0.59638661E-02          0.12705962E+00          0.19742871E-02
                0.29136656E+02          0.59461263E-02          0.12668168E+00          0.19684145E-02
                0.29176081E+02          0.59282401E-02          0.12630061E+00          0.19624934E-02
                0.29215506E+02          0.59102079E-02          0.12591644E+00          0.19565240E-02
                0.29254931E+02          0.58920304E-02          0.12552917E+00          0.19505065E-02
                0.29294356E+02          0.58737081E-02          0.12513882E+00          0.19444411E-02
                0.29333781E+02          0.58552417E-02          0.12474539E+00          0.19383279E-02
                0.29373206E+02          0.58366317E-02          0.12434891E+00          0.19321672E-02
                0.29412631E+02          0.58178787E-02          0.12394937E+00          0.19259592E-02
                0.29452055E+02          0.57989833E-02          0.12354681E+00          0.19197040E-02
                0.29491480E+02          0.57799461E-02          0.12314122E+00          0.19134020E-02
                0.29530904E+02          0.57607678E-02          0.12273263E+00          0.19070532E-02
                0.29570329E+02          0.57414491E-02          0.12232105E+00          0.19006578E-02
                0.29609753E+02          0.57219905E-02          0.12190648E+00          0.18942162E-02
                0.29649177E+02          0.57023927E-02          0.12148896E+00          0.18877286E-02
                0.29688601E+02          0.56826564E-02          0.12106848E+00          0.18811950E-02
                0.29728025E+02          0.56627822E-02          0.12064506E+00          0.18746158E-02
                0.29767449E+02          0.56427709E-02          0.12021872E+00          0.18679913E-02
                0.29806872E+02          0.56226230E-02          0.11978947E+00          0.18613215E-02
                0.29846296E+02          0.56023394E-02          0.11935733E+00          0.18546068E-02
                0.29885719E+02          0.55819206E-02          0.11892231E+00          0.18478473E-02
                0.29925143E+02          0.55613674E-02          0.11848443E+00          0.18410433E-02
                0.29964566E+02          0.55406805E-02          0.11804369E+00          0.18341951E-02
                0.30003989E+02          0.55198605E-02          0.11760012E+00          0.18273028E-02
                0.30043413E+02          0.54989083E-02          0.11715374E+00          0.18203668E-02
                0.30082836E+02          0.54778244E-02          0.11670455E+00          0.18133872E-02
                0.30122258E+02          0.54566098E-02          0.11625257E+00          0.18063642E-02
                0.30161681E+02          0.54352650E-02          0.11579783E+00          0.17992982E-02
                0.30201104E+02          0.54137910E-02          0.11534032E+00          0.17921894E-02
                0.30240527E+02          0.53921883E-02          0.11488008E+00          0.17850380E-02
                0.30279949E+02          0.53704578E-02          0.11441711E+00          0.17778443E-02
                0.30319372E+02          0.53486003E-02          0.11395144E+00          0.17706086E-02
                0.30358794E+02          0.53266165E-02          0.11348308E+00          0.17633311E-02
                0.30398217E+02          0.53045073E-02          0.11301205E+00          0.17560120E-02
                0.30437639E+02          0.52822735E-02          0.11253835E+00          0.17486517E-02
                0.30477061E+02          0.52599158E-02          0.11206203E+00          0.17412504E-02
                0.30516483E+02          0.52374351E-02          0.11158308E+00          0.17338083E-02
                0.30555905E+02          0.52148321E-02          0.11110152E+00          0.17263258E-02
                0.30595327E+02          0.51921078E-02          0.11061738E+00          0.17188031E-02
                0.30634749E+02          0.51692629E-02          0.11013068E+00          0.17112405E-02
                0.30674170E+02          0.51462984E-02          0.10964142E+00          0.17036383E-02
                0.30713592E+02          0.51232149E-02          0.10914963E+00          0.16959967E-02
                0.30753013E+02          0.51000135E-02          0.10865532E+00          0.16883161E-02
                0.30792435E+02          0.50766950E-02          0.10815852E+00          0.16805967E-02
                0.30831856E+02          0.50532603E-02          0.10765925E+00          0.16728388E-02
                0.30871278E+02          0.50297102E-02          0.10715752E+00          0.16650428E-02
                0.30910699E+02          0.50060458E-02          0.10665335E+00          0.16572089E-02
                0.30950120E+02          0.49822679E-02          0.10614676E+00          0.16493374E-02
                0.30989541E+02          0.49583775E-02          0.10563778E+00          0.16414287E-02
                0.31028962E+02          0.49343755E-02          0.10512642E+00          0.16334830E-02
                0.31068383E+02          0.49102628E-02          0.10461270E+00          0.16255007E-02
                0.31107804E+02          0.48860405E-02          0.10409665E+00          0.16174821E-02
                0.31147224E+02          0.48617094E-02          0.10357827E+00          0.16094275E-02
                0.31186645E+02          0.48372705E-02          0.10305761E+00          0.16013372E-02
                0.31226066E+02          0.48127249E-02          0.10253467E+00          0.15932116E-02
                0.31265486E+02          0.47880736E-02          0.10200947E+00          0.15850510E-02
                0.31304907E+02          0.47633175E-02          0.10148204E+00          0.15768557E-02
                0.31344327E+02          0.47384577E-02          0.10095241E+00          0.15686261E-02
                0.31383748E+02          0.47134952E-02          0.10042058E+00          0.15603625E-02
                0.31423168E+02          0.46884310E-02          0.99886595E-01          0.15520652E-02
                0.31462588E+02          0.46632663E-02          0.99350463E-01          0.15437346E-02
                0.31502008E+02          0.46380020E-02          0.98812211E-01          0.15353711E-02
                0.31541428E+02          0.46126394E-02          0.98271861E-01          0.15269750E-02
                0.31580848E+02          0.45871793E-02          0.97729437E-01          0.15185467E-02
                0.31620268E+02          0.45616230E-02          0.97184962E-01          0.15100865E-02
                0.31659688E+02          0.45359715E-02          0.96638459E-01          0.15015948E-02
                0.31699107E+02          0.45102259E-02          0.96089952E-01          0.14930719E-02
                0.31738527E+02          0.44843875E-02          0.95539466E-01          0.14845183E-02
                0.31777947E+02          0.44584572E-02          0.94987024E-01          0.14759343E-02
                0.31817366E+02          0.44324363E-02          0.94432651E-01          0.14673203E-02
                0.31856786E+02          0.44063259E-02          0.93876371E-01          0.14586767E-02
                0.31896205E+02          0.43801272E-02          0.93318210E-01          0.14500038E-02
                0.31935624E+02          0.43538414E-02          0.92758193E-01          0.14413021E-02
                0.31975043E+02          0.43274696E-02          0.92196345E-01          0.14325720E-02
                0.32014462E+02          0.43010132E-02          0.91632693E-01          0.14238138E-02
                0.32053881E+02          0.42744732E-02          0.91067262E-01          0.14150280E-02
                0.32093300E+02          0.42478509E-02          0.90500077E-01          0.14062149E-02
                0.32132719E+02          0.42211477E-02          0.89931166E-01          0.13973750E-02
                0.32172138E+02          0.41943646E-02          0.89360555E-01          0.13885087E-02
                0.32211556E+02          0.41675030E-02          0.88788271E-01          0.13796164E-02
                0.32250975E+02          0.41405641E-02          0.88214341E-01          0.13706985E-02
                0.32290394E+02          0.41135493E-02          0.87638793E-01          0.13617555E-02
                0.32329812E+02          0.40864599E-02          0.87061656E-01          0.13527878E-02
                0.32369230E+02          0.40592972E-02          0.86482958E-01          0.13437958E-02
                0.32408649E+02          0.40320626E-02          0.85902727E-01          0.13347800E-02
                0.32448067E+02          0.40047575E-02          0.85320993E-01          0.13257409E-02
                0.32487485E+02          0.39773832E-02          0.84737787E-01          0.13166789E-02
                0.32526903E+02          0.39499412E-02          0.84153137E-01          0.13075944E-02
                0.32566321E+02          0.39224329E-02          0.83567074E-01          0.12984880E-02
                0.32605739E+02          0.38948596E-02          0.82979630E-01          0.12893601E-02
                0.32645157E+02          0.38672230E-02          0.82390833E-01          0.12802113E-02
                0.32684575E+02          0.38395244E-02          0.81800717E-01          0.12710419E-02
                0.32723993E+02          0.38117652E-02          0.81209311E-01          0.12618524E-02
                0.32763411E+02          0.37839471E-02          0.80616648E-01          0.12526435E-02
                0.32802828E+02          0.37560715E-02          0.80022761E-01          0.12434155E-02
                0.32842246E+02          0.37281399E-02          0.79427680E-01          0.12341690E-02
                0.32881664E+02          0.37001539E-02          0.78831441E-01          0.12249044E-02
                0.32921081E+02          0.36721150E-02          0.78234074E-01          0.12156224E-02
                0.32960499E+02          0.36440247E-02          0.77635615E-01          0.12063234E-02
                0.32999916E+02          0.36158848E-02          0.77036096E-01          0.11970079E-02
                0.33039333E+02          0.35876967E-02          0.76435551E-01          0.11876765E-02
                0.33078751E+02          0.35594621E-02          0.75834016E-01          0.11783296E-02
                0.33118168E+02          0.35311827E-02          0.75231526E-01          0.11689680E-02
                0.33157585E+02          0.35028601E-02          0.74628115E-01          0.11595920E-02
                0.33197002E+02          0.34744960E-02          0.74023821E-01          0.11502023E-02
                0.33236420E+02          0.34460921E-02          0.73418679E-01          0.11407995E-02
                0.33275837E+02          0.34176502E-02          0.72812726E-01          0.11313840E-02
                0.33315254E+02          0.33891720E-02          0.72206001E-01          0.11219566E-02
                0.33354671E+02          0.33606593E-02          0.71598540E-01          0.11125177E-02
                0.33394088E+02          0.33321138E-02          0.70990381E-01          0.11030679E-02
                0.33433504E+02          0.33035374E-02          0.70381563E-01          0.10936079E-02
                0.33472921E+02          0.32749319E-02          0.69772126E-01          0.10841383E-02
                0.33512338E+02          0.32462992E-02          0.69162109E-01          0.10746597E-02
                0.33551755E+02          0.32176412E-02          0.68551552E-01          0.10651727E-02
                0.33591172E+02          0.31889597E-02          0.67940497E-01          0.10556780E-02
                0.33630588E+02          0.31602569E-02          0.67328984E-01          0.10461761E-02
                0.33670005E+02          0.31315345E-02          0.66717056E-01          0.10366678E-02
                0.33709422E+02          0.31027945E-02          0.66104754E-01          0.10271537E-02
                0.33748838E+02          0.30740391E-02          0.65492122E-01          0.10176345E-02
                0.33788255E+02          0.30452701E-02          0.64879202E-01          0.10081108E-02
                0.33827671E+02          0.30164897E-02          0.64266038E-01          0.99858324E-03
                0.33867088E+02          0.29876999E-02          0.63652674E-01          0.98905263E-03
                0.33906504E+02          0.29589028E-02          0.63039155E-01          0.97951960E-03
                0.33945921E+02          0.29301006E-02          0.62425526E-01          0.96998486E-03
                0.33985337E+02          0.29012954E-02          0.61811833E-01          0.96044914E-03
                0.34024754E+02          0.28724893E-02          0.61198123E-01          0.95091314E-03
                0.34064170E+02          0.28436847E-02          0.60584443E-01          0.94137760E-03
                0.34103586E+02          0.28148837E-02          0.59970840E-01          0.93184328E-03
                0.34143003E+02          0.27860886E-02          0.59357364E-01          0.92231092E-03
                0.34182419E+02          0.27573018E-02          0.58744063E-01          0.91278129E-03
                0.34221835E+02          0.27285256E-02          0.58130988E-01          0.90325516E-03
                0.34261251E+02          0.26997623E-02          0.57518189E-01          0.89373332E-03
                0.34300668E+02          0.26710143E-02          0.56905717E-01          0.88421656E-03
                0.34340084E+02          0.26422841E-02          0.56293623E-01          0.87470568E-03
                0.34379500E+02          0.26135742E-02          0.55681959E-01          0.86520148E-03
                0.34418916E+02          0.25848869E-02          0.55070779E-01          0.85570480E-03
                0.34458332E+02          0.25562248E-02          0.54460137E-01          0.84621647E-03
                0.34497749E+02          0.25275906E-02          0.53850087E-01          0.83673735E-03
                0.34537165E+02          0.24989867E-02          0.53240685E-01          0.82726829E-03
                0.34576581E+02          0.24704160E-02          0.52631987E-01          0.81781017E-03
                0.34615997E+02          0.24418809E-02          0.52024050E-01          0.80836389E-03
                0.34655413E+02          0.24133843E-02          0.51416933E-01          0.79893034E-03
                0.34694829E+02          0.23849289E-02          0.50810694E-01          0.78951043E-03
                0.34734245E+02          0.23565176E-02          0.50205392E-01          0.78010508E-03
                0.34773662E+02          0.23281530E-02          0.49601088E-01          0.77071524E-03
                0.34813078E+02          0.22998382E-02          0.48997842E-01          0.76134185E-03
                0.34852494E+02          0.22715759E-02          0.48395718E-01          0.75198587E-03
                0.34891910E+02          0.22433692E-02          0.47794777E-01          0.74264829E-03
                0.34931326E+02          0.22152211E-02          0.47195084E-01          0.73333009E-03
                0.34970742E+02          0.21871346E-02          0.46596703E-01          0.72403229E-03
                0.35010159E+02          0.21591128E-02          0.45999702E-01          0.71475592E-03
                0.35049575E+02          0.21311589E-02          0.45404145E-01          0.70550200E-03
                0.35088991E+02          0.21032760E-02          0.44810103E-01          0.69627161E-03
                0.35128407E+02          0.20754674E-02          0.44217643E-01          0.68706581E-03
                0.35167823E+02          0.20477363E-02          0.43626836E-01          0.67788569E-03
                0.35207240E+02          0.20200862E-02          0.43037753E-01          0.66873236E-03
                0.35246656E+02          0.19925204E-02          0.42450466E-01          0.65960693E-03
                0.35286072E+02          0.19650424E-02          0.41865048E-01          0.65051055E-03
                0.35325488E+02          0.19376555E-02          0.41281574E-01          0.64144436E-03
                0.35364905E+02          0.19103634E-02          0.40700118E-01          0.63240954E-03
                0.35404321E+02          0.18831697E-02          0.40120758E-01          0.62340728E-03
                0.35443738E+02          0.18560779E-02          0.39543571E-01          0.61443880E-03
                0.35483154E+02          0.18290920E-02          0.38968637E-01          0.60550532E-03
                0.35522570E+02          0.18022155E-02          0.38396037E-01          0.59660811E-03
                0.35561987E+02          0.17754525E-02          0.37825853E-01          0.58774843E-03
                0.35601404E+02          0.17488068E-02          0.37258168E-01          0.57892759E-03
                0.35640820E+02          0.17222823E-02          0.36693068E-01          0.57014690E-03
                0.35680237E+02          0.16958832E-02          0.36130637E-01          0.56140770E-03
                0.35719653E+02          0.16696136E-02          0.35570965E-01          0.55271136E-03
                0.35759070E+02          0.16434775E-02          0.35014139E-01          0.54405925E-03
                0.35798487E+02          0.16174794E-02          0.34460251E-01          0.53545279E-03
                0.35837904E+02          0.15916235E-02          0.33909393E-01          0.52689340E-03
                0.35877321E+02          0.15659141E-02          0.33361658E-01          0.51838255E-03
                0.35916738E+02          0.15403559E-02          0.32817141E-01          0.50992170E-03
                0.35956155E+02          0.15149532E-02          0.32275940E-01          0.50151236E-03
                0.35995572E+02          0.14897107E-02          0.31738152E-01          0.49315606E-03
                0.36034989E+02          0.14646332E-02          0.31203877E-01          0.48485436E-03
                0.36074406E+02          0.14397254E-02          0.30673218E-01          0.47660883E-03
                0.36113823E+02          0.14149921E-02          0.30146278E-01          0.46842109E-03
                0.36153241E+02          0.13904384E-02          0.29623163E-01          0.46029279E-03
                0.36192658E+02          0.13660692E-02          0.29103979E-01          0.45222558E-03
                0.36232076E+02          0.13418897E-02          0.28588838E-01          0.44422116E-03
                0.36271493E+02          0.13179051E-02          0.28077849E-01          0.43628128E-03
                0.36310911E+02          0.12941208E-02          0.27571125E-01          0.42840767E-03
                0.36350329E+02          0.12705421E-02          0.27068783E-01          0.42060213E-03
                0.36389747E+02          0.12471744E-02          0.26570938E-01          0.41286648E-03
                0.36429165E+02          0.12240235E-02          0.26077709E-01          0.40520256E-03
                0.36468583E+02          0.12010949E-02          0.25589218E-01          0.39761225E-03
                0.36508001E+02          0.11783945E-02          0.25105588E-01          0.39009747E-03
                0.36547419E+02          0.11559281E-02          0.24626943E-01          0.38266017E-03
                0.36586837E+02          0.11337017E-02          0.24153412E-01          0.37530231E-03
                0.36626256E+02          0.11117214E-02          0.23685124E-01          0.36802592E-03
                0.36665674E+02          0.10899934E-02          0.23222210E-01          0.36083303E-03
                0.36705093E+02          0.10685239E-02          0.22764804E-01          0.35372574E-03
                0.36744512E+02          0.10473194E-02          0.22313044E-01          0.34670616E-03
                0.36783931E+02          0.10263863E-02          0.21867066E-01          0.33977644E-03
                0.36823350E+02          0.10057312E-02          0.21427012E-01          0.33293876E-03
                0.36862769E+02          0.98536089E-03          0.20993024E-01          0.32619534E-03
                0.36902188E+02          0.96528210E-03          0.20565247E-01          0.31954842E-03
                0.36941608E+02          0.94550174E-03          0.20143828E-01          0.31300030E-03
                0.36981027E+02          0.92602683E-03          0.19728917E-01          0.30655330E-03
                0.37020447E+02          0.90686447E-03          0.19320665E-01          0.30020976E-03
                0.37059867E+02          0.88802186E-03          0.18919225E-01          0.29397208E-03
                0.37099287E+02          0.86950628E-03          0.18524752E-01          0.28784265E-03
                0.37138707E+02          0.85132513E-03          0.18137404E-01          0.28182394E-03
                0.37178127E+02          0.83348586E-03          0.17757340E-01          0.27591840E-03
                0.37217548E+02          0.81599602E-03          0.17384721E-01          0.27012854E-03
                0.37256968E+02          0.79886322E-03          0.17019708E-01          0.26445687E-03
                0.37296389E+02          0.78209515E-03          0.16662466E-01          0.25890594E-03
                0.37335810E+02          0.76569955E-03          0.16313159E-01          0.25347832E-03
                0.37375231E+02          0.74968421E-03          0.15971954E-01          0.24817658E-03
                0.37414652E+02          0.73405699E-03          0.15639017E-01          0.24300332E-03
                0.37454074E+02          0.71882576E-03          0.15314517E-01          0.23796115E-03
                0.37493496E+02          0.70399842E-03          0.14998622E-01          0.23305268E-03
                0.37532918E+02          0.68958286E-03          0.14691500E-01          0.22828053E-03
                0.37572340E+02          0.67558698E-03          0.14393319E-01          0.22364732E-03
                0.37611762E+02          0.66201865E-03          0.14104247E-01          0.21915564E-03
                0.37651185E+02          0.64888571E-03          0.13824451E-01          0.21480809E-03
                0.37690607E+02          0.63619593E-03          0.13554096E-01          0.21060725E-03
                0.37730030E+02          0.62395697E-03          0.13293346E-01          0.20655565E-03
                0.37769453E+02          0.61217644E-03          0.13042363E-01          0.20265580E-03
                0.37808877E+02          0.60086177E-03          0.12801305E-01          0.19891017E-03
                0.37848301E+02          0.59002026E-03          0.12570328E-01          0.19532118E-03
                0.37887724E+02          0.57965900E-03          0.12349582E-01          0.19189118E-03
                0.37927149E+02          0.56978491E-03          0.12139216E-01          0.18862245E-03
                0.37966573E+02          0.56040464E-03          0.11939370E-01          0.18551719E-03
                0.38005998E+02          0.55152458E-03          0.11750181E-01          0.18257752E-03
                0.38045423E+02          0.54315083E-03          0.11571779E-01          0.17980546E-03
                0.38084848E+02          0.53528916E-03          0.11404287E-01          0.17720292E-03
                0.38124273E+02          0.52794500E-03          0.11247820E-01          0.17477170E-03
                0.38163699E+02          0.52112337E-03          0.11102486E-01          0.17251346E-03
                0.38203125E+02          0.51482887E-03          0.10968382E-01          0.17042971E-03
                0.38242551E+02          0.50906564E-03          0.10845597E-01          0.16852185E-03
                0.38281978E+02          0.50383737E-03          0.10734209E-01          0.16679107E-03
                0.38321404E+02          0.49914722E-03          0.10634286E-01          0.16523844E-03
                0.38360831E+02          0.49499786E-03          0.10545884E-01          0.16386483E-03
                0.38400259E+02          0.49139139E-03          0.10469049E-01          0.16267094E-03
                0.38439687E+02          0.48832935E-03          0.10403812E-01          0.16165727E-03
                0.38479115E+02          0.48581270E-03          0.10350195E-01          0.16082416E-03
                0.38518543E+02          0.48384178E-03          0.10308205E-01          0.16017170E-03
                0.38557972E+02          0.48241634E-03          0.10277836E-01          0.15969982E-03
                0.38597401E+02          0.48153543E-03          0.10259068E-01          0.15940821E-03
                0.38636829E+02          0.48119751E-03          0.10251869E-01          0.15929634E-03
                0.38676257E+02          0.48140039E-03          0.10256191E-01          0.15936350E-03
                0.38715686E+02          0.48214131E-03          0.10271977E-01          0.15960878E-03
                0.38755114E+02          0.48341695E-03          0.10299154E-01          0.16003106E-03
                0.38794542E+02          0.48522340E-03          0.10337640E-01          0.16062908E-03
                0.38833970E+02          0.48755628E-03          0.10387342E-01          0.16140136E-03
                0.38873397E+02          0.49041065E-03          0.10448154E-01          0.16234627E-03
                0.38912825E+02          0.49378110E-03          0.10519961E-01          0.16346203E-03
                0.38952252E+02          0.49766174E-03          0.10602638E-01          0.16474668E-03
                0.38991679E+02          0.50204623E-03          0.10696049E-01          0.16619813E-03
                0.39031106E+02          0.50692787E-03          0.10800052E-01          0.16781416E-03
                0.39070533E+02          0.51229956E-03          0.10914495E-01          0.16959241E-03
                0.39109960E+02          0.51815392E-03          0.11039222E-01          0.17153044E-03
                0.39149387E+02          0.52448328E-03          0.11174068E-01          0.17362572E-03
                0.39188813E+02          0.53127972E-03          0.11318866E-01          0.17587563E-03
                0.39228239E+02          0.53853508E-03          0.11473441E-01          0.17827746E-03
                0.39267665E+02          0.54624103E-03          0.11637615E-01          0.18082844E-03
                0.39307091E+02          0.55438902E-03          0.11811208E-01          0.18352577E-03
                0.39346517E+02          0.56297039E-03          0.11994033E-01          0.18636656E-03
                0.39385942E+02          0.57197633E-03          0.12185904E-01          0.18934790E-03
                0.39425367E+02          0.58139797E-03          0.12386631E-01          0.19246685E-03
                0.39464793E+02          0.59122636E-03          0.12596024E-01          0.19572045E-03
                0.39504217E+02          0.60145252E-03          0.12813891E-01          0.19910574E-03
                0.39543642E+02          0.61206747E-03          0.13040042E-01          0.20261973E-03
                0.39583067E+02          0.62306219E-03          0.13274283E-01          0.20625943E-03
                0.39622491E+02          0.63442770E-03          0.13516424E-01          0.21002189E-03
                0.39661915E+02          0.64615507E-03          0.13766275E-01          0.21390413E-03
                0.39701339E+02          0.65823539E-03          0.14023645E-01          0.21790322E-03
                0.39740763E+02          0.67065986E-03          0.14288347E-01          0.22201624E-03
                0.39780186E+02          0.68341978E-03          0.14560196E-01          0.22624030E-03
                0.39819609E+02          0.69650654E-03          0.14839008E-01          0.23057256E-03
                0.39859032E+02          0.70991167E-03          0.15124603E-01          0.23501021E-03
                0.39898455E+02          0.72362680E-03          0.15416803E-01          0.23955049E-03
                0.39937878E+02          0.73764372E-03          0.15715432E-01          0.24419068E-03
                0.39977300E+02          0.75195435E-03          0.16020319E-01          0.24892809E-03
                0.40016722E+02          0.76655074E-03          0.16331294E-01          0.25376010E-03
                0.40056144E+02          0.78142509E-03          0.16648190E-01          0.25868412E-03
                0.40095565E+02          0.79656974E-03          0.16970846E-01          0.26369763E-03
                0.40134986E+02          0.81197717E-03          0.17299099E-01          0.26879813E-03
                0.40174407E+02          0.82763999E-03          0.17632795E-01          0.27398317E-03
                0.40213828E+02          0.84355097E-03          0.17971777E-01          0.27925037E-03
                0.40253249E+02          0.85970300E-03          0.18315894E-01          0.28459736E-03
                0.40292669E+02          0.87608910E-03          0.18664998E-01          0.29002184E-03
                0.40332089E+02          0.89270242E-03          0.19018944E-01          0.29552154E-03
                0.40371508E+02          0.90953625E-03          0.19377587E-01          0.30109423E-03
                0.40410928E+02          0.92658399E-03          0.19740787E-01          0.30673774E-03
                0.40450347E+02          0.94383917E-03          0.20108407E-01          0.31244992E-03
                0.40489766E+02          0.96129542E-03          0.20480311E-01          0.31822867E-03
                0.40529184E+02          0.97894651E-03          0.20856366E-01          0.32407191E-03
                0.40568602E+02          0.99678631E-03          0.21236441E-01          0.32997762E-03
                0.40608020E+02          0.10148088E-02          0.21620409E-01          0.33594381E-03
                0.40647438E+02          0.10330081E-02          0.22008142E-01          0.34196852E-03
                0.40686855E+02          0.10513783E-02          0.22399520E-01          0.34804985E-03
                0.40726272E+02          0.10699140E-02          0.22794420E-01          0.35418591E-03
                0.40765688E+02          0.10886094E-02          0.23192725E-01          0.36037489E-03
                0.40805104E+02          0.11074593E-02          0.23594320E-01          0.36661498E-03
                0.40844520E+02          0.11264583E-02          0.23999092E-01          0.37290444E-03
                0.40883936E+02          0.11456013E-02          0.24406931E-01          0.37924156E-03
                0.40923351E+02          0.11648832E-02          0.24817730E-01          0.38562467E-03
                0.40962766E+02          0.11842991E-02          0.25231384E-01          0.39205213E-03
                0.41002180E+02          0.12038441E-02          0.25647788E-01          0.39852233E-03
                0.41041594E+02          0.12235135E-02          0.26066843E-01          0.40503373E-03
                0.41081008E+02          0.12433027E-02          0.26488450E-01          0.41158477E-03
                0.41120421E+02          0.12632071E-02          0.26912513E-01          0.41817397E-03
                0.41159834E+02          0.12832224E-02          0.27338937E-01          0.42479986E-03
                0.41199246E+02          0.13033442E-02          0.27767629E-01          0.43146100E-03
                0.41238658E+02          0.13235682E-02          0.28198499E-01          0.43815597E-03
                0.41278070E+02          0.13438902E-02          0.28631458E-01          0.44488341E-03
                0.41317481E+02          0.13643062E-02          0.29066419E-01          0.45164195E-03
                0.41356892E+02          0.13848121E-02          0.29503295E-01          0.45843025E-03
                0.41396302E+02          0.14054040E-02          0.29942003E-01          0.46524702E-03
                0.41435712E+02          0.14260780E-02          0.30382461E-01          0.47209097E-03
                0.41475122E+02          0.14468303E-02          0.30824587E-01          0.47896085E-03
                0.41514531E+02          0.14676572E-02          0.31268302E-01          0.48585542E-03
                0.41553939E+02          0.14885550E-02          0.31713529E-01          0.49277348E-03
                0.41593347E+02          0.15095203E-02          0.32160192E-01          0.49971384E-03
                0.41632755E+02          0.15305494E-02          0.32608215E-01          0.50667535E-03
                0.41672162E+02          0.15516390E-02          0.33057527E-01          0.51365688E-03
                0.41711568E+02          0.15727857E-02          0.33508055E-01          0.52065731E-03
                0.41750974E+02          0.15939862E-02          0.33959730E-01          0.52767555E-03
                0.41790380E+02          0.16152373E-02          0.34412483E-01          0.53471055E-03
                0.41829785E+02          0.16365358E-02          0.34866247E-01          0.54176126E-03
                0.41869189E+02          0.16578787E-02          0.35320955E-01          0.54882664E-03
                0.41908593E+02          0.16792629E-02          0.35776544E-01          0.55590570E-03
                0.41947997E+02          0.17006855E-02          0.36232949E-01          0.56299745E-03
                0.41987400E+02          0.17221434E-02          0.36690108E-01          0.57010092E-03
                0.42026802E+02          0.17436339E-02          0.37147961E-01          0.57721516E-03
                0.42066203E+02          0.17651541E-02          0.37606448E-01          0.58433925E-03
                0.42105604E+02          0.17867013E-02          0.38065509E-01          0.59147227E-03
                0.42145005E+02          0.18082728E-02          0.38525087E-01          0.59861331E-03
                0.42184405E+02          0.18298658E-02          0.38985124E-01          0.60576150E-03
                0.42223804E+02          0.18514778E-02          0.39445566E-01          0.61291597E-03
                0.42263203E+02          0.18731062E-02          0.39906357E-01          0.62007586E-03
                0.42302601E+02          0.18947484E-02          0.40367442E-01          0.62724033E-03
                0.42341998E+02          0.19164019E-02          0.40828769E-01          0.63440855E-03
                0.42381395E+02          0.19380644E-02          0.41290285E-01          0.64157972E-03
                0.42420791E+02          0.19597333E-02          0.41751939E-01          0.64875303E-03
                0.42460186E+02          0.19814064E-02          0.42213682E-01          0.65592771E-03
                0.42499581E+02          0.20030813E-02          0.42675464E-01          0.66310300E-03
                0.42538974E+02          0.20247557E-02          0.43137236E-01          0.67027815E-03
                0.42578368E+02          0.20464275E-02          0.43598952E-01          0.67745241E-03
                0.42617760E+02          0.20680945E-02          0.44060565E-01          0.68462508E-03
                0.42657152E+02          0.20897545E-02          0.44522030E-01          0.69179545E-03
                0.42696543E+02          0.21114055E-02          0.44983301E-01          0.69896281E-03
                0.42735933E+02          0.21330453E-02          0.45444335E-01          0.70612648E-03
                0.42775322E+02          0.21546719E-02          0.45905088E-01          0.71328578E-03
                0.42814711E+02          0.21762833E-02          0.46365517E-01          0.72044006E-03
                0.42854099E+02          0.21978775E-02          0.46825581E-01          0.72758865E-03
                0.42893486E+02          0.22194527E-02          0.47285238E-01          0.73473093E-03
                0.42932872E+02          0.22410069E-02          0.47744448E-01          0.74186627E-03
                0.42972257E+02          0.22625383E-02          0.48203171E-01          0.74899403E-03
                0.43011641E+02          0.22840449E-02          0.48661368E-01          0.75611361E-03
                0.43051025E+02          0.23055250E-02          0.49118999E-01          0.76322441E-03
                0.43090408E+02          0.23269767E-02          0.49576027E-01          0.77032584E-03
                0.43129789E+02          0.23483984E-02          0.50032414E-01          0.77741731E-03
                0.43169170E+02          0.23697883E-02          0.50488123E-01          0.78449824E-03
                0.43208550E+02          0.23911446E-02          0.50943118E-01          0.79156807E-03
                0.43247929E+02          0.24124658E-02          0.51397364E-01          0.79862626E-03
                0.43287307E+02          0.24337501E-02          0.51850824E-01          0.80567226E-03
                0.43326684E+02          0.24549960E-02          0.52303466E-01          0.81270553E-03
                0.43366060E+02          0.24762019E-02          0.52755256E-01          0.81972556E-03
                0.43405435E+02          0.24973662E-02          0.53206159E-01          0.82673182E-03
                0.43444809E+02          0.25184873E-02          0.53656143E-01          0.83372379E-03
                0.43484182E+02          0.25395638E-02          0.54105175E-01          0.84070098E-03
                0.43523554E+02          0.25605941E-02          0.54553224E-01          0.84766288E-03
                0.43562925E+02          0.25815768E-02          0.55000258E-01          0.85460902E-03
                0.43602295E+02          0.26025103E-02          0.55446245E-01          0.86153889E-03
                0.43641663E+02          0.26233933E-02          0.55891156E-01          0.86845203E-03
                0.43681031E+02          0.26442244E-02          0.56334960E-01          0.87534798E-03
                0.43720397E+02          0.26650021E-02          0.56777627E-01          0.88222627E-03
                0.43759762E+02          0.26857251E-02          0.57219129E-01          0.88908645E-03
                0.43799126E+02          0.27063921E-02          0.57659437E-01          0.89592807E-03
                0.43838489E+02          0.27270017E-02          0.58098523E-01          0.90275072E-03
                0.43877850E+02          0.27475527E-02          0.58536360E-01          0.90955394E-03
                0.43917210E+02          0.27680438E-02          0.58972920E-01          0.91633733E-03
                0.43956569E+02          0.27884736E-02          0.59408177E-01          0.92310046E-03
                0.43995927E+02          0.28088411E-02          0.59842103E-01          0.92984293E-03
                0.44035283E+02          0.28291449E-02          0.60274674E-01          0.93656434E-03
                0.44074638E+02          0.28493838E-02          0.60705863E-01          0.94326427E-03
                0.44113992E+02          0.28695568E-02          0.61135645E-01          0.94994234E-03
                0.44153345E+02          0.28896624E-02          0.61563994E-01          0.95659815E-03
                0.44192695E+02          0.29096997E-02          0.61990886E-01          0.96323131E-03
                0.44232045E+02          0.29188198E-02          0.62185189E-01          0.96625045E-03
